-1.17547,2.69578,1.3963,2.79741,-1.0583,1.4111,0.944007,-2.09754,-0.251337,0.388576,1.82021,2.2002,-0.362668,-0.0552166,0.97283,0.67201,2.03556,-0.0159405,-1.56464,-0.897961,1.15441,-1.75624,-1.36126,2.13818,1.27014,0.997384,-0.00581589,0.0728159,-1.69869,1.71104,0.478088,-0.40493,1.7668,-0.759193,0.690221,0.580501,-0.839137,3.4027,2.39281,1.63251,0.946961,2.56402,4.05979,2.23532,-1.20798,-0.261135,2.23713,0.00983951,-1.54516,3.28771,-0.553615,-2.91319,-1.95329,1.81452,2.04523,-2.46406,1.13457,0.318703,1.97877,-0.921183,0.425783,-1.08107,0.132245,1.67747,0.268409,-2.12042,-0.384749,-3.18071,-0.191701,-0.118325,-0.125749,3.19052,-2.9482,-1.43259,-1.91959,1.58598,1.78765,-1.16976,2.46211,1.40819
1.77462,-0.228629,-0.103665,0.0456579,-3.80184,-1.35579,0.65571,0.522023,-1.11214,-1.72203,2.52922,1.65955,-1.04317,1.47889,-0.0721483,2.09385,-0.0464865,-0.38567,-2.38561,-0.426809,2.42506,2.90283,-1.70344,5.02338,-3.27228,1.46058,2.18924,-0.612055,-0.0502411,-1.89973,-0.742652,1.85795,0.693508,-0.573045,1.51768,-0.547209,-0.452312,-2.7043,-1.1238,-0.0476847,1.48364,-1.94418,-3.16984,-0.987491,-1.88435,-0.42969,0.353763,0.153103,-1.69107,-0.232303,0.869559,0.30491,-1.30798,0.716089,-0.898643,-3.26051,4.03343,0.716883,-0.288421,-2.41245,1.0465,1.25032,-1.3878,0.23048,-0.590474,0.735352,1.13368,0.763402,-1.4249,0.721654,-1.35932,-0.0618746,0.383806,-0.586877,1.95233,-2.07916,0.617348,-1.69606,-1.09953,2.55204
-0.453582,-1.90611,2.73093,-0.721491,2.24114,0.937466,-1.96102,-1.34927,-1.77191,1.03921,-0.874677,-1.01756,-2.28677,3.9412,1.22175,1.68039,-0.199423,-0.267744,1.7306,0.356391,-0.270937,0.619794,-2.58432,2.03096,0.0898398,2.36827,-1.81311,-2.18327,-1.11346,-0.775976,1.68226,-0.186516,-3.66105,-1.57878,-1.99368,1.28486,1.72451,0.518975,4.78516,0.861387,-1.75893,-1.48027,-0.199471,-2.09768,0.403983,0.496582,-0.9823,-0.207896,-0.615064,1.39224,-0.566785,0.504885,-1.96722,-0.0434517,-0.961178,-1.01426,-0.388721,1.1469,-0.282765,1.09572,1.18884,-1.22126,-0.64363,-0.161852,-0.317951,0.960222,-1.46213,-1.8458,-1.79358,-0.787749,0.33723,0.367681,0.195901,-1.57505,-0.139143,-1.14206,-2.02785,3.59577,-2.10907,0.816821
-1.94029,2.50731,-1.6405,-2.85174,0.743801,0.107096,0.156782,-0.435193,0.465424,1.12985,-0.68201,4.56225,-0.0543865,1.54003,-2.36171,0.799371,1.85715,1.68617,-0.108879,1.36083,3.29541,-1.36532,1.11489,0.683963,0.962277,-0.500182,-1.50054,1.84132,1.37619,0.746143,0.436453,-0.400017,0.477873,-1.04715,-0.681694,-1.90323,-1.94787,0.962818,1.92645,-4.34146,0.206181,0.872907,-2.20873,-0.907166,-0.816415,0.725898,0.450168,-1.79225,-0.792022,0.579818,-0.793141,-0.344723,-0.31876,0.699108,-0.98111,1.71068,-0.660747,0.228003,1.33,-2.34601,0.390145,0.90365,-2.60469,-1.53267,0.0980047,0.121618,0.614227,0.247875,-0.0432419,2.25031,0.210155,-1.95405,-1.18594,2.29142,-2.56109,-0.973553,-3.4931,1.43216,-0.585538,1.19504
0.879806,-0.408217,-2.73222,-0.685313,-0.61817,2.31233,1.89021,-1.3607,-0.242933,-0.0254049,0.887557,0.935776,-1.61615,0.184256,2.02538,-0.606313,0.187891,-0.259367,-0.546293,-2.83979,-3.01464,0.935072,-0.22219,-0.186453,2.46631,-1.07042,1.29639,1.09897,-0.0980152,3.89443,-0.228728,-1.70435,-0.372714,-0.587112,0.0503058,-2.29089,-1.94274,-0.193309,-1.75939,0.0951001,1.49601,-0.154807,-0.234988,-2.33503,-2.61773,-0.915723,0.521458,-0.611478,-0.0473682,0.509016,-0.353249,1.86997,0.514727,-1.64652,-2.26378,-0.934487,-3.1409,1.53707,2.77513,-1.27989,-0.277274,0.238007,-1.10275,-0.391564,-0.906527,-0.576501,-0.905905,-1.666,-1.53323,-1.45504,-0.541358,3.68256,2.11332,0.45782,2.52487,-0.451295,0.0809646,2.13457,-2.09292,-0.739525
-2.4549,1.31801,-0.484927,0.562845,-0.660516,-0.31336,0.2855,0.0941505,1.72501,-1.77439,1.26999,2.25907,2.45083,-2.02777,1.15714,-3.27942,1.85212,0.162704,1.68836,2.18786,-1.9789,0.986155,-1.02646,0.119296,-2.46305,-0.560076,-0.578755,2.65537,-0.771165,0.146392,2.60814,1.0024,-1.08964,1.55608,1.12527,-0.460819,-0.560961,-0.82612,1.63474,1.46709,-0.361248,-1.32297,-0.915515,-2.78404,-0.091813,0.347536,1.37265,-0.455679,3.38658,-0.298317,-0.137931,1.04007,-0.956202,1.48865,-1.48373,0.387539,0.890604,1.46696,1.01258,1.24651,3.05452,0.822242,0.970773,0.869025,-1.38018,1.82116,-1.12228,-1.99867,-0.286662,-1.86307,3.34413,-0.542926,-0.903071,-0.761993,-1.53273,-0.99683,0.575481,-1.85388,-0.95518,-0.598284
2.03193,0.973672,2.34081,-0.575477,0.492218,-1.60677,-2.83809,-0.774207,0.222025,-1.93367,-0.245296,-0.96035,-1.28938,0.491511,-0.561164,-2.35508,-1.86035,-0.353421,-0.945147,3.03267,-0.8833,-0.699733,-0.303622,1.67215,0.569596,1.05111,2.70155,-0.0379749,-2.86833,-0.453235,-2.22611,1.18195,-1.45654,1.32672,1.01013,-1.01416,-0.171642,2.08514,1.24455,0.277381,-0.685731,-0.761332,1.35738,1.81843,-3.42253,0.556549,0.328124,-0.605126,0.282562,0.123645,-0.253001,1.58097,-0.0808834,1.43469,0.851873,1.60022,-3.10481,-0.759086,2.82466,-2.20784,-1.61168,3.00761,0.904717,-0.0911125,-0.968841,0.941622,1.54072,-0.762221,-0.59401,1.41922,0.644253,-1.81639,0.282627,1.84279,0.226707,0.158703,1.51361,0.0708647,-1.24841,-0.607155
0.779692,1.97304,-0.742072,-0.528251,0.0663822,-0.995346,2.14577,-0.653017,-2.71844,1.87953,-1.10732,0.580067,1.9062,1.07615,-0.599742,-0.778977,-0.640441,1.7048,-1.98928,-0.161566,1.38371,0.668701,1.92581,-0.338129,0.40397,0.42651,-0.624966,0.377998,-2.44617,-1.65938,-0.257576,-0.839183,-1.46359,-0.296964,0.355912,-0.530791,1.1219,-0.150199,-1.28912,-1.09045,0.417682,0.6515,0.335418,1.51222,-0.761911,1.0424,-2.66548,0.669444,2.15761,-0.221728,0.725941,1.98544,-3.29085,-0.620538,1.8389,-2.89491,-0.642081,0.79368,1.70273,2.5124,0.254603,-0.606366,-1.50188,-1.59612,0.490986,1.17995,3.11313,1.83638,-0.406461,-3.03843,2.01079,1.29111,-0.687932,-1.65697,-1.24855,1.07557,0.507396,-0.0856494,-1.67,-1.138
0.31382,0.215834,-0.547127,-2.91077,0.21133,-1.24036,-0.394076,0.743411,0.0175195,1.55254,1.01938,-0.0185089,-1.17649,-2.00044,-1.98077,2.20878,0.171546,-1.82557,1.83942,-1.09059,0.532547,-0.267759,-0.784694,-1.08447,-0.187198,-2.22166,-0.0821586,0.0871844,-1.87957,-0.151685,0.735183,-0.292752,-0.627089,2.94077,-1.3427,0.224585,3.27098,-0.159625,-0.0483907,0.971303,0.395482,-0.626772,-0.810446,-1.67257,2.19318,-1.95226,-2.27994,-0.664305,0.344028,2.30391,-1.25806,-0.999701,-0.80234,-1.36588,0.723387,0.217298,-0.11006,0.583177,3.86253,-2.07193,0.583497,0.931528,-1.62536,1.24299,1.2192,-1.1198,0.55527,0.186431,-0.801794,-0.752487,0.77972,-0.991597,-0.712924,1.08018,0.532437,-0.345287,3.93573,0.0284244,1.39627,1.82756
1.02801,-0.946475,2.2228,-0.942429,-0.771683,-1.11502,2.41536,0.555281,-1.97777,-1.93834,0.829441,0.921548,-0.671221,1.25132,0.127864,-1.22968,-0.202122,1.37454,-0.467886,-0.840265,1.12511,-2.22721,2.13817,1.2056,2.34899,-1.4054,-0.699084,2.60134,1.35712,0.175861,0.44797,1.05273,-1.89878,-0.21462,-1.40049,-1.49113,-0.0713998,0.137737,-0.498351,0.987997,0.253364,-0.145099,2.47917,-0.416853,-0.239441,-0.544147,-2.00769,-1.26245,0.882048,1.58444,-1.92785,0.408966,0.913131,-0.494109,1.61359,0.0830458,1.12093,-1.46354,-3.79379,1.73789,0.936261,2.11846,0.328476,-0.251291,-1.354,-1.88801,-2.4144,-0.235371,-2.50893,-0.692054,0.476452,-1.24702,-0.30492,1.21189,0.858406,-1.71838,1.0556,-0.720932,-0.0680136,0.765197
-2.67262,-0.642109,0.220534,-0.495962,-1.64828,-0.864288,-1.42266,0.42548,-0.422578,0.22524,-1.64248,-0.610686,-0.349104,1.8588,-2.18395,3.19906,-1.35936,-0.853188,-0.493567,1.701,-1.32244,0.606236,0.758032,0.208983,-0.555106,-2.28515,2.14819,2.03898,0.663015,2.58183,-2.10764,-0.432969,0.608685,-1.40738,1.57055,1.57928,0.456875,-0.133806,-0.652168,0.438469,-0.277323,-0.384972,-0.550243,-0.743313,-0.361549,1.64811,-0.948491,-0.184595,1.35036,-0.109586,-1.47027,-1.23485,-1.46335,1.22043,-1.92522,-0.605271,0.0350822,-0.138405,-1.72683,0.677339,-0.186211,1.07037,2.63411,-0.0622983,1.0754,-1.65856,0.408075,-0.623033,1.46716,-1.53321,-0.0916431,2.24349,-3.26704,1.60204,-1.27993,-0.129899,1.38882,1.44928,-2.12132,-0.042675
2.08968,-1.51978,-1.19011,2.79697,1.60674,-0.26051,0.712332,1.70053,-1.955,2.30441,2.02645,-0.259052,-1.45853,1.26248,1.47735,1.79118,-0.830445,0.897411,-0.413895,-0.721685,0.377525,-1.23637,-0.797235,0.824462,-2.12811,-2.2921,-1.59587,2.48029,0.571132,-0.359196,-0.85799,1.76114,-1.22903,0.582778,1.177,-0.703207,-1.03183,2.13949,0.84147,-2.96754,-0.462145,-1.22073,-1.23143,-0.0648562,0.649791,-0.488168,1.50167,1.21404,2.05631,-1.05126,-0.398048,-1.24049,-0.378791,-0.0206828,1.13417,1.09811,-2.2265,1.17543,-0.447671,-0.359663,1.30416,-1.19016,0.566276,0.326741,0.0554764,0.178564,0.262349,-1.85298,0.632457,-0.0308168,-1.01919,-1.10301,0.155187,0.243611,0.585555,2.91575,1.49791,-1.3443,-1.22327,-0.0188799
-1.79868,-0.363465,-0.969813,0.654546,-2.21748,0.0883881,0.945982,0.150346,1.51626,-0.296608,-1.36554,-2.7863,-0.817053,-0.712621,0.303869,-0.515731,-1.15231,1.78419,-1.3292,-1.05515,1.37105,0.115966,2.68452,2.23556,-0.811015,-0.509221,1.06559,-0.66919,1.05854,-0.600076,1.31791,-3.17912,0.391599,0.293274,-0.564989,0.921478,0.365776,0.707585,1.11767,-0.0675884,-1.42759,-2.50638,1.5757,-0.790794,0.213895,2.06142,2.73654,-1.38635,0.0284864,-1.01294,-1.56499,-0.598647,0.953004,-2.95008,0.32067,0.945452,0.687125,-0.592353,0.232845,-1.63609,0.533745,0.419058,-1.21201,-0.625813,1.25751,1.27223,1.65843,-1.5041,-2.42377,-1.25123,0.139139,-0.868881,0.685439,-0.917104,-1.58306,1.01271,1.41,0.771289,-0.127521,-0.1804
-0.177008,1.47691,-1.53092,0.142199,-1.30859,-0.32353,-0.823986,0.164418,-0.443802,1.31726,-0.742765,0.812118,-2.16287,-0.51888,0.45946,-1.44171,-2.15485,0.00129635,-0.656825,-1.28854,-0.928216,-1.85576,-0.369936,0.909639,-1.20229,1.96113,0.286295,1.31763,0.744473,-2.67022,-0.302738,0.469117,0.735193,0.544113,-1.06783,-1.91691,0.0184708,0.216666,0.474163,1.65566,-1.01729,0.325917,-2.24646,-1.72211,2.32424,1.54802,1.06734,-0.0809706,0.313542,2.10167,-0.218394,-0.801775,0.467773,2.11123,-1.07648,-2.07903,-1.30162,-1.13525,-0.264392,2.20718,-1.70007,0.250305,0.565589,2.00677,-0.261345,-0.654715,0.5406,2.00834,-2.10265,-0.0943814,0.293698,1.47885,1.57431,2.67934,-1.19685,1.8179,-0.644502,0.739091,1.43541,-0.621602
-2.4479,0.0783713,-0.890367,1.16421,0.451956,-1.18799,0.227709,1.6193,0.469364,1.75841,2.81429,0.862031,-1.48762,0.975641,1.35372,-0.304521,0.526856,-0.574361,1.54268,0.527492,2.134,-1.57295,-1.50636,-0.953976,0.180923,2.26701,0.045388,0.492359,0.611248,-0.52723,-1.33706,-1.91411,1.07194,0.218247,0.741465,-0.773061,0.0564396,-1.4653,-1.57539,1.11664,-0.800222,-0.830693,2.51605,1.35774,1.15386,0.769844,-1.34001,1.68359,-2.00643,-0.114846,1.44667,0.813191,-0.802956,0.100441,-1.80936,0.8966,-0.168363,-0.26597,-0.0346739,0.03196,-1.41797,2.37165,-0.805604,-0.983025,-0.265238,-0.612373,-0.0992769,-2.06921,0.964939,-2.81275,0.408122,-1.53596,1.53873,0.422762,-0.705539,0.126959,0.321708,-0.0776528,-2.15648,0.988529
0.438777,0.832038,1.64012,0.786802,1.29174,2.00563,-2.47659,-0.410794,1.03906,-0.801905,-1.96359,-0.417827,-2.2972,0.264413,0.89442,1.31821,0.843495,2.42651,-2.42651,-0.963129,1.0005,-1.35182,-0.224298,0.482608,-0.199998,-1.86078,-0.813803,1.7667,-0.994974,0.263568,0.00556421,-1.04002,0.302315,2.90411,2.09419,-0.0470533,1.1749,1.08242,-1.39926,-0.19961,1.63743,0.489038,-1.25576,-1.06081,0.414582,0.460607,-0.690683,-0.259654,-1.87403,-0.737724,1.71877,2.44818,-0.720333,-1.02292,-1.50614,0.334196,0.822286,-0.724604,0.970134,1.73523,0.227796,1.62957,1.48394,0.383245,0.636113,0.898315,-1.98844,0.415017,-0.227247,-0.715982,-0.440931,-0.247922,-0.128938,-1.40758,-0.737179,-0.148056,-0.780241,-0.807835,1.21946,0.774355
0.0063518,-0.294951,-0.655601,-0.963228,0.987201,-0.628064,-0.970907,1.01286,-1.41636,-2.03083,-1.117,-1.40595,1.36074,0.432363,0.260646,-0.0812648,0.828896,-2.65229,-0.443512,-0.661058,0.517368,-0.641963,-0.172003,-0.196595,1.30956,-0.214743,0.883236,1.62991,-0.0181618,-0.213844,2.069,1.09652,0.809486,0.238034,1.18014,-0.333169,-1.28832,0.760252,0.418285,-0.91616,-1.2704,-3.45239,0.32082,0.999973,2.41507,1.21041,0.449056,-0.633915,-1.354,1.27613,0.773105,2.01844,-2.7862,-0.0363181,-0.795076,1.05209,-0.321801,-1.24904,-0.345062,-2.29023,0.695286,-1.83611,-0.671502,-0.580496,-2.54444,-1.94811,0.379709,1.42603,-0.128241,-0.896187,-0.36189,2.15844,-0.0622851,-0.594063,-0.137596,0.156207,-0.18639,-1.19708,0.850747,-0.648816
-0.0393092,1.26672,1.8228,-0.375001,0.944472,1.58379,0.0500951,-0.151651,0.41203,1.24045,0.320211,-1.16646,1.87304,0.603798,-2.41423,-1.8723,1.25824,0.156499,-2.7814,-2.16809,-0.534196,0.0542919,0.578481,-1.4265,-1.24304,0.858006,0.801944,2.26018,-1.26505,-0.60153,-0.205936,0.762244,0.100646,-0.45695,-1.56628,0.16671,1.50247,-0.895392,0.737537,-0.539342,-0.00219666,-1.56708,0.513192,0.621506,0.565685,-0.261475,-0.134668,1.64654,-1.52973,0.220886,-0.421714,-1.11031,1.77543,1.33472,-1.79315,0.0934049,-0.371885,-0.596425,-0.683882,-0.962185,0.972198,0.0270951,-0.789241,-0.924986,1.22705,2.7726,-0.936479,-1.37604,-0.337195,-1.04966,-0.194292,1.19221,-1.40386,2.0069,2.61546,1.05921,-0.458026,-0.669459,-0.747944,1.22531
-0.829596,0.260681,-0.541173,-0.0660072,0.0747044,-0.724293,-0.209643,-1.50849,-2.28705,-1.65146,-1.98628,-0.331813,-0.676485,-0.890449,1.59552,0.242836,0.890637,-0.901884,0.170031,-0.159371,2.34786,1.81113,0.803339,-3.25292,0.297757,-0.47832,0.389033,-0.546953,-0.733102,-0.372107,-0.0260062,0.568536,-0.779137,0.301359,-1.33183,0.425191,0.0788338,-0.827522,1.13716,-0.882883,2.48834,1.09208,0.0894992,-0.117225,0.317383,1.14325,3.58822,-0.98586,-0.589086,0.568982,0.857036,1.04782,-0.257333,0.952634,0.215873,-2.04108,-1.24335,0.500114,-1.3443,0.154825,0.599426,0.188567,1.45002,-0.313972,1.13147,-0.27776,-0.0805325,-1.07745,0.873815,-0.821712,-0.45672,-1.52523,1.77779,2.05125,0.0275529,0.0239335,1.54827,-0.410987,-0.971235,2.07632
-0.146313,1.11192,-1.30987,-0.130342,-0.141304,-1.06582,-0.713391,-0.688364,-1.98155,0.464324,-0.208648,-0.732721,0.882663,-1.57025,0.459061,-0.71275,2.01146,1.24169,0.0353092,-0.0294084,-1.03446,0.53834,-0.902377,3.38181,0.698732,0.551292,-2.49869,-0.815432,0.59245,1.79568,-1.82054,0.26688,-0.36006,0.0955113,0.187681,1.72735,-0.276066,-0.397777,1.14287,0.676574,-0.00664407,1.58837,0.475612,-1.98022,1.60342,0.282971,-0.813607,-0.864913,-1.43968,-0.470219,0.486217,0.614316,1.01093,0.62146,-0.879019,0.92411,-0.53073,-2.47367,-0.307065,0.386414,1.72712,1.21271,-0.822822,-1.88228,-0.611918,-0.134804,1.36776,1.26679,1.01562,0.520295,-0.591805,0.183447,-0.444728,-0.00678556,1.30675,2.03615,2.26544,-0.190154,-0.941723,0.00194761
0.29798,1.39273,-0.325776,1.36906,0.689497,0.769221,-0.0990198,0.366541,-1.18769,-0.322729,1.08889,-0.94104,1.54932,1.60197,0.0371072,0.400177,-1.10238,-0.520364,2.13944,2.58836,-0.646,0.462553,1.2383,0.745232,0.852202,-0.474884,0.169353,1.82734,1.76354,-1.32582,-1.02479,-0.203185,0.754692,-0.00970076,-2.95711,-0.593146,-0.688366,1.99448,-1.26839,0.930247,1.25602,-1.4948,0.313251,-0.380267,0.397167,1.23248,0.534057,-0.366079,-2.20347,0.0364908,0.636981,-0.158536,0.471322,-0.430516,-0.0466798,-0.895606,-0.346985,0.75057,1.45051,0.273534,1.02996,0.256866,-0.300487,0.432634,2.28968,1.04537,-1.68293,1.69748,0.734635,1.75139,1.62879,0.804135,0.15886,-1.5175,0.0988871,-0.55093,1.18826,0.0854395,-0.594548,0.916185
1.12748,0.432398,-0.202912,1.03835,0.880759,0.0332376,1.59435,0.248025,-0.748194,-0.684013,-2.41677,0.038991,0.642628,-1.611,-0.462609,0.515641,0.628925,0.736705,0.620944,1.13309,-0.13854,0.928684,-1.70924,0.841785,1.1211,-0.159842,0.566206,0.0682224,-0.35293,-1.45887,0.611617,-1.85511,-1.64449,-0.349251,-0.235887,-2.05907,0.960079,-0.123772,-1.69166,-0.178626,-0.76621,-1.29733,-0.0454587,0.0547723,0.170042,-3.06813,-0.751069,-0.473757,0.156938,0.449113,0.632475,-0.718143,-0.0588629,-0.677558,-0.814653,-0.571529,0.768914,-1.02281,-1.58916,-1.1509,-0.0574461,1.094,1.17638,0.312949,-0.727746,0.968135,0.441275,-2.17588,1.42803,1.8207,0.229698,1.94696,0.648906,0.980073,-2.55258,2.21038,-0.352965,0.641023,-0.259154,1.42858
-0.294235,-1.44264,0.0761884,1.16617,2.20789,0.834564,1.1832,-0.416969,-0.35803,-0.46552,0.00365176,-1.53344,0.17116,0.696301,1.26666,-0.656099,1.44165,0.820691,1.58403,0.599504,-0.415555,1.22994,-0.52064,0.696908,-1.38058,-0.899794,1.09777,-0.0925297,-0.0653057,0.505076,1.46114,1.30338,2.06442,-0.250733,1.08263,-0.0468926,2.30272,0.486099,-0.378196,-2.72825,-1.29048,1.99648,0.150139,0.657812,-1.00765,0.566775,0.572455,-0.450709,-0.390631,2.31101,-1.61735,-0.129899,0.0261228,-0.203276,-0.967684,-0.400902,1.14848,0.513691,-0.358781,0.3918,-1.88216,2.19747,-2.24898,0.639879,-0.339553,0.337343,-0.552844,2.39147,-0.127188,-0.632106,0.998021,0.0970355,0.196068,1.26995,-0.000801676,0.788966,0.979838,0.2898,-0.393096,-0.370418
-0.897856,-1.76316,1.58801,-1.73064,-0.923041,-1.76659,0.225111,0.475053,0.250512,0.45673,0.256312,1.26619,0.157803,-0.194349,0.729425,1.87488,1.05757,-0.227367,-0.291959,-0.57156,-0.153099,-0.204757,1.04912,-0.114899,-0.374759,0.478148,1.60964,2.06952,0.92513,-0.00641282,1.2693,-0.644529,-1.38065,0.725976,-1.30052,0.866859,-0.408612,0.393436,1.24588,0.631431,-0.90465,2.03164,1.4328,0.37504,-1.40219,0.475945,-0.0121293,2.35102,0.116459,-0.116426,1.29168,1.47913,0.0682298,-1.08892,-0.746495,0.1475,0.823761,0.786734,0.640033,-0.695121,1.52019,0.588859,0.660357,1.62519,-0.134633,0.77419,0.206942,2.05554,0.843407,1.46757,-0.255397,0.687906,1.47933,0.332795,0.275398,3.07901,-0.44524,0.222857,-0.245555,-0.280479
-0.798154,-0.812822,-0.68056,-0.446447,1.03981,0.657119,1.63828,0.391023,-1.96419,-0.166659,-0.238282,-0.844567,1.03646,-1.35926,-0.763088,1.47388,1.11566,-1.20715,-1.22147,-0.516277,-0.22407,0.427217,-1.3974,1.05688,-0.942245,-0.408759,1.12283,0.765843,0.436332,1.75682,-0.881948,0.501863,-0.127528,-0.358741,0.844404,-1.37256,-0.830502,-1.29912,0.886107,1.28474,1.6112,-0.102009,1.0524,1.27451,1.47196,0.850785,-0.42116,-0.391485,-0.74806,-0.394454,-0.728839,0.00814947,-1.74787,0.281145,1.44699,1.4533,0.137317,-0.503997,0.903393,1.87511,-1.01914,0.135613,0.20059,1.49298,1.46531,2.23785,0.0955931,-0.814236,-1.81175,1.51289,0.724585,-1.34464,1.24644,0.498289,-0.379962,-0.464166,-1.13151,1.00175,0.249543,-1.00448
1.28118,-0.316184,-0.699035,2.1134,0.748827,-1.13144,0.484986,0.554298,-0.525426,-0.782954,-0.768965,0.0338241,-0.347666,-0.0911158,-1.08693,-0.338622,-1.53225,0.219703,0.0573676,-0.250154,1.98017,-2.32176,-0.628427,-0.675536,-2.89475,-0.232233,0.238169,-0.845105,-0.194269,2.23283,1.02366,-0.341865,-1.97079,-0.656497,-1.29863,0.485492,-0.689146,-0.570889,-0.142399,0.939382,0.323381,-0.665601,0.714679,-0.104462,-0.491497,-0.593297,0.157477,-2.00252,-0.321747,0.188845,0.383841,1.02809,0.520043,2.02784,-1.00062,0.122918,1.36601,1.08936,0.945018,-0.456138,0.40663,1.10171,-0.682931,-1.15377,1.70656,-1.02817,-0.369295,0.696613,1.1154,-0.36676,0.803318,0.837315,-0.400076,0.135838,0.768853,0.962587,-0.951211,0.569988,1.08756,-1.90658
-0.501915,2.02755,1.42091,0.978221,-1.23899,-1.42966,0.899567,0.574922,0.414649,0.118563,-1.72889,0.131188,-0.360344,1.8246,-0.715213,-1.09235,-0.712306,-0.545105,1.20603,-0.244596,-0.314876,-0.968557,0.440013,-0.24979,-1.03527,-1.21807,-1.86683,-1.11093,-0.992193,-0.269218,0.0114831,1.70779,1.03777,0.211439,0.0689137,0.0754128,-0.615229,-1.54596,0.229508,-0.0218507,1.44903,0.705822,0.0796613,0.410219,1.15687,0.267862,0.0027202,0.731711,-0.860635,-0.385251,-1.06741,0.603933,-1.17623,-2.86072,-0.366752,-0.536283,0.41313,0.0155457,0.6116,-0.556848,0.275773,0.301111,-0.537252,0.777211,-1.31132,0.708351,-1.46263,-1.3725,0.302241,1.77317,-1.30808,0.978657,0.466765,1.05699,-0.256515,0.476801,0.822883,0.523553,-1.1825,-2.22037
0.702052,-0.708579,-0.493179,-1.08267,-0.780129,0.957413,-1.06726,-0.0402341,0.32527,-0.0205924,-1.30317,-1.5714,0.513353,0.058173,-0.306041,-0.285254,-0.456711,0.522493,1.17871,-0.600509,-0.943675,-1.77966,0.422315,2.21585,0.328522,0.0483886,0.789604,1.04996,0.104155,-0.106466,0.593041,-0.198793,-0.712261,-1.65869,0.950247,-1.44931,0.911722,0.268248,-0.0733293,0.812449,0.32329,1.45419,-0.237957,0.538093,1.2387,-0.827293,1.52443,1.74982,0.265756,0.844856,0.514936,0.831235,0.395684,0.469161,1.10448,-0.539607,1.33236,-0.00930761,1.28986,0.19427,1.09119,-0.722829,-1.63138,-0.261928,1.16915,-0.750861,0.0918378,-0.949916,2.72302,-0.872498,-0.825541,-1.04457,0.661105,1.25609,-0.55285,-1.7397,-0.49344,-1.13675,-1.53953,-0.347487
0.151158,-0.126907,0.842542,-0.0305329,0.132447,-1.63996,-0.685577,0.269263,0.215794,0.232133,-1.87144,1.56042,1.0308,-0.191333,-0.987668,0.271925,0.989115,-0.206194,0.102389,0.0559204,-0.453904,0.160691,-0.510514,1.18327,0.397001,1.35222,0.315935,1.51054,-0.514462,0.106469,0.875142,1.05054,0.022571,1.87096,-0.762078,0.340752,0.137857,0.0378066,-1.50303,-0.660796,0.0812409,-0.462609,0.0949452,0.960869,-0.0122481,0.452621,0.650669,-1.78251,0.0702637,-1.78796,-0.451964,-0.29482,1.73808,1.05164,0.20086,0.629966,0.131257,1.51505,0.0260958,1.8847,-1.42103,-0.823608,-2.1517,1.04703,0.349264,-1.34415,-0.312519,-1.14354,-0.19689,-0.86285,-2.28233,0.394271,1.05886,-1.62553,-0.093389,0.418584,1.0163,1.32584,-0.947809,0.698532
-1.63077,0.0579139,0.0691874,-0.314658,1.5006,-0.493622,0.146122,0.233019,1.66927,0.0757761,1.38192,-1.10192,-1.33141,-1.3505,-1.02975,-0.601371,-0.966064,0.0983852,-0.374552,-0.822362,0.00326898,1.77473,-0.483303,1.28569,0.396341,-1.34002,-1.00586,0.807641,0.0936745,-0.491275,-0.358449,0.0125894,-1.12359,-0.0799067,-0.979372,0.776893,0.38056,-0.603256,0.919317,-0.437985,2.62735,-0.370115,-0.0483653,2.3477,-0.0831542,-0.544569,0.621458,0.763365,1.73593,0.585289,0.390522,0.121965,-0.0683182,1.01212,-1.12244,-0.818853,-0.62235,-1.30517,-0.441322,-0.680858,-0.43797,0.836346,-0.824493,-0.292452,0.412596,-1.85396,-0.963312,0.941033,-0.557271,0.859433,-0.229499,0.676831,0.71053,-1.87802,-1.39739,-0.0201191,-0.675053,-0.452726,-1.15835,-0.738592
-0.53642,-0.0383622,1.0835,1.53841,0.928053,0.593818,0.0348995,0.0274709,-0.634535,1.41358,0.715484,1.69945,0.0464664,0.668452,-0.761772,0.412921,0.0364441,-1.49091,-1.32704,1.06534,0.0140731,1.42947,2.12809,0.303532,-0.220853,0.157392,0.928553,-0.505557,0.716459,0.126232,-0.135919,-1.19365,-1.87235,0.999316,1.2782,0.0033345,-1.25988,-0.00934669,1.02499,-0.061356,-0.769396,0.366852,-0.924676,0.250967,1.50552,-0.39077,0.193564,-1.00745,1.01826,1.38402,-0.212452,0.991741,1.52351,-0.557714,-0.114016,-0.817165,0.811813,-2.14935,0.769568,-0.0973349,-1.40155,-0.540732,-0.580665,-0.549251,-0.525207,0.943667,-1.29591,-0.320619,1.65267,-0.627569,-0.203306,0.115206,1.03722,0.0997325,0.358687,-0.8589,1.27539,-0.0344158,0.940849,-0.570777
-0.51089,1.12301,-0.208713,0.903914,0.287787,0.445844,-0.0796406,1.22383,0.342872,-0.102435,0.108206,0.471893,1.15179,1.41261,0.227295,0.778324,-1.73431,-0.344129,-1.78039,-0.461019,-0.841308,1.56577,-0.408778,0.155959,1.03127,0.809281,-1.9208,-0.24117,1.04577,0.645516,0.64266,0.00850229,-0.927575,-0.269767,0.0482695,0.681989,1.58341,-1.37273,-1.20112,0.199679,-1.43877,0.910034,-0.376045,1.09475,0.537794,-0.25588,1.10096,-1.0315,-0.82937,1.31556,-0.265007,1.90035,0.81513,-0.19104,0.743695,1.29466,-0.34305,1.4854,0.56163,-0.598215,0.612968,0.574352,1.17492,1.39058,0.48903,-0.912223,0.768505,-0.155345,-1.12338,0.283595,0.430841,-0.36607,-0.546552,0.881917,-0.320371,0.232489,-0.401697,-1.36246,-0.795573,0.244062
0.1108,-1.33788,-0.816446,1.85313,-0.127475,0.00783926,-0.201888,-0.832729,0.313105,-0.186802,0.300184,-1.05117,-1.51681,1.09844,-1.5848,-0.614766,1.15859,0.662939,0.950373,-0.152087,0.331764,0.431259,0.639923,0.277751,1.26019,1.54366,-1.1474,0.984438,0.000992785,0.191315,0.919173,-1.20394,0.162943,1.26735,-0.38805,0.134292,-0.735467,-0.920005,0.784581,-0.19702,-0.0622135,0.157341,-0.251975,1.30657,-0.314824,-0.827448,-0.874101,-0.802009,0.0287153,-1.64818,-1.22058,-0.455591,-1.33947,0.811859,-0.144245,0.0443433,-0.425885,0.0778955,0.147959,-0.0695038,1.19559,0.0847631,0.753002,1.73768,0.484184,0.904216,1.1285,1.07716,0.605427,-0.355855,-0.545651,1.23921,0.804412,1.67366,0.0883181,-1.74366,0.561069,-0.962282,0.621658,-0.2184
-0.402892,-0.00337607,0.105673,1.45847,-1.7512,1.43553,-0.277698,0.15308,0.203283,0.390414,-0.788209,1.13621,-0.746446,0.248047,-0.655226,-1.49887,1.17292,-0.751756,0.923129,-0.342688,0.831725,0.966907,0.322744,0.492371,-1.40416,-0.664981,0.677883,0.0612175,0.521654,0.183218,-0.678068,-0.223165,-0.930175,0.741942,0.602076,-0.104946,1.18844,0.362736,-0.0563603,0.0990313,0.557828,-1.00327,1.9888,-0.762757,0.182972,-1.98636,0.279888,0.382075,-0.70461,0.0989924,0.0632117,1.05567,-0.23271,-0.0139597,0.7478,0.472741,-1.33115,0.0801539,-0.42366,0.328997,-0.653898,-1.79801,-0.0582832,0.559316,-0.305781,-0.69806,0.273217,2.12828,-0.137833,0.499212,0.117327,-0.661757,-1.25024,0.300035,-0.0811538,0.266207,-0.691757,0.599952,-1.36619,0.511338
-0.659867,0.139101,0.566751,-0.513599,0.412378,-0.394107,0.173659,-0.116036,-1.19477,1.07251,-0.563832,0.969089,-0.55816,-0.0267229,0.525391,-0.992456,-2.17799,1.06883,0.619137,-1.11681,-1.71307,1.10884,1.2115,-0.338753,0.877392,0.444312,0.189025,-0.788555,0.267409,0.758888,0.510601,0.135194,0.176721,1.68637,1.79997,0.284221,-0.229559,0.446229,-0.786129,0.21666,0.5208,-0.969538,-0.0298501,0.146127,-0.557722,-0.291982,0.00739277,0.108078,-0.91326,0.176502,0.137716,-1.27662,-1.72699,1.81128,0.169436,0.71058,1.4732,-0.19269,-0.533561,-0.957386,1.19301,-0.447734,-0.648419,-0.142931,0.837213,0.24602,-0.936731,0.24647,0.234778,0.149997,0.504568,-1.04067,0.706357,0.382868,-0.0112267,0.914054,-0.255674,0.548843,-0.0439054,0.233894
1.47162,0.826393,-1.08426,-0.715229,-0.119489,0.328182,-0.205911,-0.444822,0.666757,0.750296,0.10803,0.650236,0.832778,0.785213,1.13589,-0.652373,-0.941329,0.25691,-0.268258,-0.434984,1.71261,1.33008,-1.18263,0.333097,0.54234,-0.365414,0.0705201,1.17136,-0.251968,0.749486,0.590852,0.707118,-0.181801,0.326041,-0.574225,0.320925,0.380996,-0.715502,0.411672,1.47164,-1.36613,-0.114414,0.534518,-0.131539,-0.283778,0.0801797,1.1049,0.402667,0.886895,-0.214208,0.649711,-0.626613,-1.4962,-0.82658,0.182071,0.994134,-0.206632,-0.468132,-0.774038,0.0474835,-1.17711,0.609022,-0.0358943,-0.577604,1.02736,0.923422,-1.16249,0.8279,1.1556,0.205928,-1.49533,0.280335,-0.434891,0.376842,-0.443331,-0.841618,0.894156,0.831925,0.688665,-0.345028
0.406676,-0.199414,1.17212,0.291587,-0.548153,0.0971922,1.32027,-1.87464,0.209187,-0.616455,-0.50232,-0.0954218,0.653737,0.257474,0.542798,-0.279488,-0.835961,0.340793,-0.289846,-0.281637,0.2457,0.300542,-0.586991,-0.43972,-0.966328,0.839532,0.401884,0.504437,1.14552,0.746823,-0.0473968,-1.34415,1.38627,0.361028,-0.273583,1.50013,0.118726,0.859192,0.284084,-0.12477,0.100073,-0.972248,-0.577122,-0.0726939,0.68347,0.163897,-1.74771,0.0571797,1.26062,1.306,0.506437,0.630377,-0.561357,0.0537249,-0.79016,0.257488,-1.0487,0.4033,0.261129,1.08955,-0.00273483,-0.164627,-1.18831,-0.168021,0.168841,-0.882177,0.523252,-1.0627,0.475764,2.10429,-0.542314,-0.685424,0.475987,0.592903,0.0210759,-0.327299,0.262582,-1.30508,-0.11432,0.359935
0.0586597,0.808105,-0.165301,0.384644,-0.403433,-0.319796,0.20227,-0.225513,0.792506,0.549054,0.42453,-0.298147,0.449119,0.625991,-0.463217,0.145288,-0.640841,0.535193,1.65794,-1.58584,0.759597,0.872026,-0.643634,0.0295799,-0.676338,0.934769,1.11581,1.05863,-1.28884,0.285109,-0.77827,0.709083,0.300931,-0.698705,-0.292061,0.0911133,-0.0702077,1.0206,0.070716,-0.172989,0.715055,0.692651,-1.10188,0.772636,-0.422848,0.0485465,-0.133203,-1.20043,0.0234641,0.658469,-0.533603,0.905671,0.414981,-1.15452,0.0625221,1.64138,0.714852,-1.75383,-0.269473,0.369168,1.03965,-0.933472,1.36361,0.115859,-0.50184,-0.540642,0.419861,-0.2762,0.524104,-0.649502,1.40417,-0.0768753,1.10965,-0.455671,0.328925,0.230534,-0.224934,1.12824,0.277721,0.784745
-0.883115,-0.74303,-0.237584,-1.0701,1.44415,-0.952817,0.522571,-0.562496,-0.00669843,-0.443625,0.25269,-0.159825,-0.375158,0.293854,0.656038,0.0289747,-1.03816,-0.645677,-0.425709,-0.080716,-0.271023,-0.442557,-0.125914,0.628433,-0.750033,-0.479328,-0.110853,0.800625,-0.620216,-0.343539,-0.462103,-0.125715,1.57181,1.0638,-1.19082,0.624415,-1.08842,-0.652566,-0.268973,0.175983,-1.08148,0.506347,0.167536,-0.41674,-0.977042,-2.66086,0.427438,-0.482041,-1.34531,0.10965,-0.842878,0.901438,0.244496,0.105886,0.129784,-0.53445,0.33685,-0.555937,0.336746,0.855589,-0.288152,-1.87295,0.521066,-1.35466,0.219464,0.815076,0.186477,-0.0987265,-0.0836483,-0.108342,-0.113414,-0.168485,-0.567698,0.29981,-1.34973,-0.00586272,0.130844,-0.650234,-0.647252,-0.0879157
-0.353912,-1.25158,-1.05852,0.712307,0.53346,0.760895,-0.888134,-0.509094,-1.07883,-0.93393,0.657423,0.286468,1.5399,-0.575326,0.619102,-0.416725,-0.867616,0.235521,-0.268685,-0.77652,-0.161233,-0.241593,1.23772,-0.132838,-1.09659,0.73968,-1.16289,1.3113,-1.38413,0.0282246,0.176697,-0.00303275,-0.129468,0.276754,0.189377,0.33609,-0.0554666,0.319377,0.190519,0.910689,0.477333,0.352836,-0.186198,0.0476269,0.285683,0.424878,-1.27132,0.077551,-0.288713,-0.476558,-0.36134,0.0696853,0.507879,-0.703359,-0.0623739,-1.07885,0.15618,0.162898,-0.455453,-1.96078,-1.10659,0.338649,-0.0139791,0.870631,-0.506323,-0.53873,0.320711,-0.168412,0.445344,0.526577,-0.413185,-0.819635,-0.695441,-0.0574006,-0.830581,-0.294178,-0.263632,1.49629,-0.442476,0.498773
-0.688706,-0.633509,-0.423507,-1.03987,-0.823912,1.09579,1.18798,-1.18924,1.03497,-0.31132,0.215317,0.366006,0.448206,-0.161129,0.0499528,0.459488,-0.365102,-0.306997,-0.225961,0.433089,0.30954,-0.330492,-0.0958606,0.0607684,-0.253463,0.885795,-0.411276,0.296789,-1.12057,0.240338,-2.09922,0.125011,-1.16255,0.23685,0.0332557,0.211547,1.26634,1.07596,-0.441777,-1.31487,-0.993015,-0.337035,0.328081,0.235401,1.27145,-0.207964,0.365648,-0.755629,-0.81815,-0.853297,0.0760539,-0.632179,-0.419416,0.433199,0.148269,-0.604721,0.478981,0.714329,-0.0229452,-0.180808,0.726397,0.334318,0.548799,-0.418491,-0.651042,-0.256806,-1.30622,0.49877,-0.112843,0.192418,0.0132826,0.153775,1.26847,0.278665,-0.0555921,-0.0918919,0.406787,-0.205202,0.0728444,-1.58038
0.595561,-0.288941,0.488324,-0.305736,-1.19628,0.376666,0.0337523,-0.346313,0.0113332,-0.482444,1.51886,0.830318,-0.105275,-0.982379,-1.20555,1.21462,-0.520389,0.210813,0.548451,0.0340358,-1.04248,-0.258679,0.365925,-0.275579,-0.33099,0.426171,-1.00315,-1.00182,-0.825552,0.384643,1.19326,0.703473,0.38947,-1.08026,-0.0523545,-0.431821,-0.35949,0.91322,-0.202958,-0.587739,-0.318311,-0.495492,0.606325,0.04146,0.14234,-0.11627,0.288972,-0.641428,-0.0602041,-0.0579998,0.520541,1.42833,-0.610696,-0.240807,-0.852284,0.122472,-0.771855,-1.28955,-0.771376,0.382579,-0.568484,0.0943777,-0.309834,0.572949,1.64968,0.925029,-0.31532,0.27143,-0.0920647,-0.653972,-0.642168,-0.101056,-0.0554576,0.215983,-0.825909,0.478417,0.354018,-0.578162,-0.530439,0.30435
-0.49861,-0.07533,-0.51974,0.893443,0.664055,-0.526477,1.40247,-0.457653,-0.818001,0.912499,-1.04861,0.516316,-0.0893508,-0.984302,-0.772669,-0.108386,-0.776988,0.590676,-0.497535,0.278788,-0.15805,-0.109639,-1.28763,-0.828663,0.0526683,-0.410686,0.531247,0.0439335,-0.00964891,-1.14923,-0.277405,0.504965,-0.139612,-0.613241,0.554314,0.350797,0.266606,0.56034,0.222693,0.214489,-1.00374,0.385031,0.852818,-0.779216,-0.704124,0.719932,-0.0797904,0.570658,-0.417443,-0.534133,-0.664948,0.618228,0.460086,-0.0611214,-0.625386,0.210303,-0.156144,-0.823686,0.605231,-0.660042,0.891396,-0.240627,-0.0340605,0.95794,0.147822,-0.48779,-0.483592,0.533135,-0.165769,-0.0597031,-1.01787,-0.00314758,0.175502,-0.478241,-0.00137455,-1.84254,-0.0358385,-0.505687,-0.143344,0.453031
0.743403,0.210814,0.266283,0.0342552,-0.319445,0.089926,0.414176,1.04342,0.697569,0.0620988,0.473469,-0.471624,0.541796,-0.370926,1.25071,-0.021257,0.42764,0.0329975,0.209638,0.0945076,0.0632091,-0.405315,0.64615,-0.304501,-0.479043,0.144673,-0.0572842,-0.369706,1.43133,0.730458,-0.481179,0.752528,-0.427976,1.1391,-0.577462,-0.708942,1.3239,-0.41829,-0.14333,-0.828154,-0.131842,0.0463443,0.0124439,0.183114,-0.765458,0.690248,-0.661173,-0.0128409,-0.348349,0.729939,-0.521413,0.602124,-0.305824,1.25543,-0.354392,-0.709662,-0.230291,-1.24055,0.379811,-0.357006,0.866789,-0.728251,0.490706,0.14691,0.270362,0.373116,0.646453,-0.683239,0.150067,0.0020446,-1.29864,0.174695,-0.0945613,-0.484092,-1.04106,-0.72355,0.123434,1.21402,0.229884,-0.314071
0.708605,-0.614224,0.323435,0.321551,-0.758333,-0.197883,0.659592,0.148416,0.734691,0.0115055,0.247598,-0.445646,-0.419014,0.32515,0.656989,0.0174456,0.392192,0.228988,-1.14066,0.943405,0.20919,0.650694,0.208878,-0.283861,0.304144,-0.725881,-0.30934,-0.0892081,-1.35788,0.562237,0.780712,-0.20525,-0.42061,-0.744803,-0.575838,-0.330467,-0.0946422,-0.278715,-0.775717,0.985057,-0.233754,0.169441,-0.541198,0.0368578,0.571081,0.940703,-0.0656786,0.34357,-0.50591,-0.699195,-1.3349,-0.446701,-0.233277,0.960792,-0.53142,0.309684,-0.15887,-0.801394,1.0058,0.199918,-0.11867,-1.14235,-0.491154,-0.143827,-0.700168,-0.62484,-0.620312,0.496703,0.500991,0.478365,0.642499,-0.714769,0.26981,0.284042,-0.478959,0.791111,-0.112261,-0.0906216,-0.386132,1.02348
-0.877134,-1.26242,0.591032,-0.693276,-0.270178,0.676746,0.120781,0.0316503,-0.351963,1.13652,-0.437412,-0.290094,0.134294,0.608408,-0.261673,-0.53687,-0.605186,0.153091,-0.474112,0.883188,0.721188,-0.473492,-0.715944,-0.300632,0.100346,0.483504,-0.585718,0.155789,0.136394,0.498904,0.530719,0.294398,-0.131585,0.235792,-0.429866,-0.733494,0.0368226,0.502245,-1.03933,0.16672,1.06868,0.639904,-0.00419285,-0.398883,0.132746,-0.473187,1.10879,0.123062,0.214368,0.126842,0.283586,0.19538,-0.206322,0.201619,-1.07378,0.264172,0.173062,-0.455861,-0.597707,-0.492026,-0.391983,-0.23337,-0.105135,0.516556,-0.457029,0.500537,1.43822,-0.289936,-0.173588,0.513721,0.633431,-0.0187492,-0.313067,-0.837815,0.602505,-0.391118,1.15666,-0.0462236,0.314982,-0.434818
0.264638,-0.43969,0.726422,-0.961875,-0.981958,0.49068,0.700512,-0.427776,-0.460777,0.712879,0.319439,-1.02345,0.317985,0.183793,-0.310332,-1.15277,0.385568,0.236953,0.397196,0.12729,0.355941,-0.200792,-0.599659,-0.164544,-0.00153422,-0.903766,-0.498577,-0.138876,-0.249333,-0.199989,-0.622917,-0.163881,-0.358505,0.682573,0.91021,-0.0154465,-1.43632,-0.731249,0.392237,-0.0287577,-0.856644,-0.151516,-0.728563,0.434237,-0.126897,0.463432,-0.129148,-0.255065,-0.496909,0.64974,0.456079,0.419506,0.853766,0.123274,0.122064,0.103683,0.15532,0.770889,-0.155847,-0.293916,-0.254895,0.0246615,0.357806,0.628481,1.00914,-0.522731,-0.195323,0.131833,0.0616997,-0.121717,0.0552536,0.447899,0.0152078,-0.35018,-0.775535,0.28411,0.0718563,0.269567,-0.102807,0.549066
-0.178931,-0.00216988,0.572173,-0.115785,0.0423949,-0.347662,0.133458,-0.556261,-0.129808,0.136017,0.242943,-0.108392,0.488932,0.6926,1.0774,-0.255534,-0.0996991,-1.04391,-0.105419,-0.676149,-0.0046319,0.547195,-0.133015,0.638151,0.0198691,-0.479719,0.381267,-0.608502,-0.514573,-1.10997,-0.149572,-0.878395,0.178822,-0.249879,-0.469277,-0.944133,-0.318836,0.205145,-0.424936,-0.531172,0.650495,0.520529,0.579679,-0.501672,0.583546,0.0431243,-0.463545,-0.904567,0.604874,-0.326037,-0.0335305,-0.254794,0.126899,0.546105,-0.628444,0.804971,-0.0430814,0.0491723,0.136662,-0.307155,0.550489,0.388646,0.19437,0.912536,0.361773,0.0182566,-0.014951,0.240741,0.451741,-0.663635,-0.934963,-0.545314,-0.890497,0.0360364,-0.0857051,0.193472,-0.553355,-0.104885,0.237098,-0.707892
0.149673,0.845101,-0.314438,-0.362846,-0.167296,-0.518038,-0.336127,-0.493436,-0.468326,-0.581449,0.119771,0.151899,0.587401,0.833272,-0.0597694,-0.0809736,0.475554,0.136715,-0.289847,-0.548914,-0.142156,-0.66658,-0.692666,-0.00104053,-0.234153,-0.11123,0.397616,-0.497974,0.735811,0.187583,0.606831,-0.724912,-0.0659831,0.572872,0.0357541,-0.451515,0.519218,0.0543511,0.367888,-0.408562,-0.533194,0.440978,-0.311492,0.323351,0.024755,-0.324708,-0.0558848,0.230949,0.0686733,-1.07728,-0.377324,-0.295156,-0.142637,-0.0855862,-0.415993,-0.616855,-0.203893,-0.840889,-0.278337,-0.59822,-0.659803,-0.532931,0.538141,0.447265,0.92141,-0.709523,-0.657715,-0.0660925,-0.0776305,0.220736,1.22294,-0.449345,0.324554,-0.559321,0.475819,-0.0216072,0.407439,-0.213309,-0.76107,-0.418629
0.423393,-0.326795,-0.0588786,0.0480626,-0.328735,-0.438459,0.356023,0.410727,0.101299,0.126285,0.202406,-0.0774463,-0.198456,0.490766,0.41159,-0.52392,-0.162084,0.153773,0.181801,1.00153,-0.622694,0.0905361,-0.178855,0.00685859,0.194175,0.200442,0.0456818,0.811488,-0.175807,-0.0743091,0.178736,0.293043,-0.037878,0.147805,0.373849,0.697692,0.456597,-0.273834,0.335063,-0.830571,0.679616,0.608491,0.950581,-0.748796,0.818566,0.16715,-0.210255,-0.602885,0.427002,-0.378099,0.685474,-0.0324679,-0.053511,-0.268066,0.0964561,-0.126005,0.679644,-0.439888,0.56167,-0.673207,-0.837531,-0.567309,0.441071,-0.603384,1.01879,-0.256817,0.198844,-0.335059,-0.680841,0.082546,0.048994,0.605378,0.201415,0.483953,0.247059,0.0303063,-0.900523,-0.202329,0.258776,0.566295
-0.532738,-0.134424,-0.28634,-0.458575,0.391701,-0.418375,-1.08862,-0.442989,-0.0302623,-0.212024,-0.186262,-0.19867,-0.165914,0.44403,0.0414794,-0.615028,-0.00981245,0.743122,0.0506033,0.420564,0.357296,0.380312,0.168096,-0.23519,-0.607363,0.720313,0.475689,-0.150542,0.299632,0.912193,-0.647148,0.366616,-0.15898,-0.78885,-0.0418249,-0.477988,-0.449771,-0.566662,-0.750364,-0.395678,-0.254892,-0.00972539,0.310425,-0.329525,0.638952,-0.499929,-0.307745,0.473454,0.565873,0.10241,-0.726594,0.343705,-0.114211,-0.269362,0.62019,-0.275672,-0.384342,-0.0577906,0.237175,-0.362033,0.445583,0.0856594,-0.255985,0.651664,0.31964,0.116593,-0.797701,-0.0746421,-0.364678,-0.0416261,-0.434741,0.25931,0.126638,-0.705887,-0.40176,0.713954,0.0643687,-0.498588,0.845329,0.707589
0.382834,-0.0768534,0.300389,-0.291918,0.0973493,-0.274126,-0.415846,-1.20889,0.0706328,0.068784,0.356074,-0.0874418,-0.138291,-0.0891821,-0.0655335,0.370946,0.267144,0.589013,-0.21868,-0.381949,-0.137627,0.0184806,0.299572,-0.790148,-0.396324,-0.0142802,-0.739172,0.432819,0.855388,-0.85514,-0.0895789,0.014219,0.097948,-0.538356,0.317626,-0.183588,0.168532,-0.658604,-0.166716,-0.00739011,0.0309945,-0.599647,0.662535,-0.438943,-0.0552053,-0.0367943,0.561153,-0.640756,0.0140097,0.393479,-0.252015,-0.238597,-0.29708,0.323179,0.463358,0.489839,0.648554,-0.290891,0.865727,0.0765958,-0.592358,0.191116,0.369463,0.245856,-0.531966,-0.111204,0.237967,0.0130931,0.659694,0.265302,0.124949,0.391879,0.13135,-0.409969,0.284521,0.0235634,0.09815,0.310659,-0.722808,-0.19714
0.108799,0.585832,0.256055,-0.219598,0.26217,-0.323425,0.105439,0.145357,-0.189729,-0.20024,0.421617,-0.592434,0.351361,0.14525,-0.378547,0.0199793,-0.206195,-0.512745,0.381735,-0.480547,0.453433,-0.309941,0.403733,0.151013,0.211795,-0.285747,-0.366022,-0.0226474,0.192235,0.3451,-0.738677,-0.0708921,-0.341984,0.000170332,0.568139,0.324262,0.536887,0.271692,-0.106301,0.481426,-0.166533,0.304589,0.249784,-0.621341,-0.442331,0.0555511,0.422444,-0.364014,0.365143,-0.402243,-0.277495,-0.0281515,-0.228622,0.145004,-0.726269,-0.164822,-0.0531208,0.377,-0.213162,-0.00259587,-0.526757,-0.386985,-0.553239,0.496633,-0.471805,0.567045,0.153497,-0.0750939,0.215122,-0.0117726,0.0546169,0.153488,0.626296,0.00709438,-0.21227,0.102777,-0.635423,-0.583397,0.342397,0.675282
-0.478576,0.0746291,0.517668,0.582055,0.391974,-0.652249,0.300305,-0.778074,0.108123,-0.150486,0.411883,-0.201936,-0.102757,0.141403,-0.213333,-0.301748,0.454087,0.196904,-0.2285,0.00663353,-0.507322,-0.17928,-0.0979124,-0.0476066,0.207653,-0.171675,0.182227,0.0949742,0.237898,0.557409,-0.252963,0.49704,-0.48529,-0.197528,-0.397897,-0.218304,0.148716,1.51585e-05,-0.341984,0.222466,-0.253196,-0.3575,-0.578215,-0.0442442,-0.0195151,-0.0155457,0.297328,-0.117727,-0.171874,-0.0740405,1.16631,-0.479307,-0.239303,-0.822918,-0.00355263,-0.294833,0.154689,-0.0970047,0.174823,-0.0547595,0.00485614,-0.320106,-0.11078,0.239498,0.0309006,-0.256082,0.50006,0.246868,-0.0885662,-0.408929,-0.282254,-0.659627,-0.248081,0.405677,-0.253643,-0.0276499,-0.120865,0.298747,0.227482,-0.137565
0.311999,0.0219893,-0.551441,-0.132901,-0.346497,-0.299876,0.160703,-0.0369043,0.291921,0.437643,-0.199423,-0.452036,-0.103387,0.256857,0.0305849,-0.398276,-0.00411949,-0.896102,-0.719297,0.0845959,-0.243086,0.0444898,0.218011,-0.169801,0.00670788,-0.0412813,-0.240763,0.125672,0.397899,-0.0183138,0.319868,0.395868,0.226867,-0.39987,0.283857,0.361665,-0.0727483,0.484529,0.317985,-0.267777,-0.0498622,-0.0571523,0.1109,0.132588,-0.0308882,-0.877446,-0.101318,-0.0910102,-0.20009,-0.347645,0.241769,0.178003,-0.0678977,0.0797081,-0.0974662,-0.383575,0.0152102,-0.0851016,0.11084,0.435499,0.304494,0.819349,-0.130832,0.388074,-0.0984664,-0.0786393,-0.098537,-0.209001,0.241073,-0.079788,0.322693,-0.409359,0.0805594,-0.260484,-0.134199,-9.00259e-05,-0.0253911,0.717881,0.342043,0.485738
-0.253593,-0.0143563,0.0621222,-0.0501998,0.0406106,0.359077,-0.310719,0.617696,0.097223,-0.110049,0.160415,0.100974,-0.378683,0.165003,-0.342436,-0.356604,0.0835442,0.0237035,-0.365292,-0.645765,-0.345232,0.180542,-0.615637,-0.121522,0.119252,-0.185509,0.086744,-0.111697,-0.144639,0.090026,-0.0124992,0.207483,0.020363,0.133424,-0.371109,-0.0875218,-0.30146,0.163826,-0.187877,-0.306384,-0.357727,-0.0874919,0.552285,-0.342936,0.0711653,0.532668,-0.194925,-0.346984,0.19259,0.0153375,-0.148514,0.0300374,-0.0525253,-0.13836,0.257003,-0.595783,0.276928,0.155133,-0.0813225,0.123431,0.0807759,0.0696888,0.00997029,-0.160242,0.0532473,0.050823,0.409409,-0.00204405,0.793403,0.452817,0.174648,-0.227378,0.28178,-0.0609717,-0.143182,-0.116449,0.0299563,-0.0724061,-0.0206275,0.0848721
0.167249,0.221225,-0.205606,-0.306965,0.0773863,0.273171,-0.1831,-0.235425,-0.417015,0.157346,0.239438,-0.188837,-0.0668054,0.130681,-0.120804,-0.00426039,0.22118,-0.310931,0.15769,0.177474,-0.202148,0.0524914,-0.233074,-0.129978,-0.510164,0.192436,-0.218707,-0.0773672,0.0984893,-0.105696,0.156642,-0.302708,-0.287534,0.379628,0.0914561,0.120895,-0.149044,0.215149,-0.602385,0.0950129,0.0481182,-0.0431594,0.249938,0.470155,-0.246562,0.261264,0.425203,0.108538,0.365704,-0.167227,-0.284495,0.00820631,0.0403311,-0.358961,-0.211222,-0.10144,0.335008,-0.288943,0.144704,0.304427,0.415184,0.0857384,-0.0144086,-0.348802,-0.130885,-0.32534,-0.0270087,0.0038815,-0.356162,0.204252,-0.313158,-0.0360287,-0.249563,0.46716,-0.0629038,0.0110085,-0.225488,0.108608,0.145278,0.174122
0.0856938,0.229333,-0.00780674,0.0987997,0.212269,-0.179876,0.0908353,-0.0911752,0.324541,0.134675,-0.175976,-0.0865435,0.0674542,0.0720665,0.152716,0.213163,0.0905251,-0.274683,-0.0650881,-0.0876065,-0.263631,-0.246527,0.100582,0.131157,-0.110852,0.303848,-0.15966,0.0754187,-0.33997,0.0950579,0.0180286,-0.189927,-0.248671,-0.112629,0.214075,-0.116866,-0.190267,-0.297616,-0.0357279,-0.30677,0.193816,-0.200346,0.210934,-0.289527,-0.207359,0.123748,0.0320155,0.299885,-0.0193418,0.231999,-0.0462318,-0.065953,0.0887305,-0.0493615,-0.0693691,0.11783,0.00352663,0.10923,-0.302725,0.0260284,-0.0398,-0.103639,0.0545445,-0.0269987,0.208961,-0.11453,0.0714197,0.288474,-0.00540184,0.198307,0.176362,-0.0978821,0.113952,-0.00216563,-0.151096,-0.248964,0.364381,0.00467543,0.174987,0.125512
0.293096,-0.0511483,0.216894,-0.0139693,0.128057,0.0352375,-0.0397518,0.00568364,0.055731,0.0798898,0.145392,0.151422,0.118001,-0.0504744,-0.091078,-0.144025,-0.0683903,0.0667548,-0.061781,-0.0111685,-0.144442,-0.0686535,-0.24414,-0.0782312,0.0699596,0.0238101,0.169452,-0.0204558,0.281639,-0.00796444,-0.0762346,-0.188299,0.0491472,-0.165076,-0.00939523,0.0466533,0.0464588,0.0151569,0.193736,0.00831098,0.3256,0.0248624,-0.0740542,0.00321807,0.167035,-0.00921409,0.0917133,0.00590176,-0.105974,-0.235867,-0.271833,0.22304,-0.0918801,-0.0346774,-0.010862,-0.015893,0.115264,0.267266,-0.0751352,-0.0948557,0.00802689,-0.0254099,0.0630533,-0.16307,-0.149542,0.014584,0.0177077,0.174691,-0.0658369,-0.178033,-0.0465994,-0.0374802,0.0194285,0.107805,-0.341257,0.0763383,0.259323,0.0985239,0.0800946,0.0532712
0,0,0,0,0,0,0,0,0,0,0,0,0,0,0,0,0,0,0,0,0,0,0,0,0,0,0,0,0,0,0,0,0,0,0,0,0,0,0,0,0,0,0,0,0,0,0,0,0,0,0,0,0,0,0,0,0,0,0,0,0,0,0,0,0,0,0,0,0,0,0,0,0,0,0,0,0,0,0,0