1.3925,0.224674,0.721429,-2.74393,0.474942,0.945828,-0.280164,0.16441,-1.98757,2.89238,3.32278,-0.423817,1.38018,-0.560913,-0.359646,-0.302836,-1.70057,0.608143,-0.19356,1.14132,-0.156741,0.645451,-2.08774,-0.295214,0.931583,-0.777486,0.175002,0.0357298,-0.708016,-1.63046,3.16419,0.633276,-0.925443,-1.79819,-1.24958,1.71428,1.53703,-1.41687,1.06716,0.0924709,-1.96843,0.02983,0.414619,0.683205,1.87797,0.50106,1.09388,0.71924,2.52465,0.0238605,1.52095,-0.217257,-0.184235,1.08395,-1.84818,1.69403,0.868139,1.01666,4.42484,-0.773324,0.952717,-0.533951,2.50618,0.956953,0.0490375,1.1417,1.41367,-2.25342,-2.49276,-2.18333,-3.42555,0.346982,1.35139,0.174665,0.8498,-0.678178,0.564155,-0.722961,0.184678,-2.29701
-0.792259,0.830533,-0.706813,1.02228,0.540866,0.650459,-1.99044,0.590859,0.890595,-2.94097,-0.405151,0.591963,-2.35781,0.89111,0.0745097,-2.70134,1.06315,-0.531917,0.553826,0.0731201,2.81729,0.568,-0.0818612,-0.198603,-1.6351,1.41132,-0.12809,2.73671,-1.46533,1.03888,1.2343,-1.75493,0.0678097,-0.802077,-0.260996,-1.5096,-0.857898,1.96769,-1.25075,-1.52247,-0.748781,1.59727,-0.391735,1.8424,-0.806862,-0.245535,0.534413,-2.81996,1.4745,-0.810271,0.862612,-0.555995,0.385296,-0.641509,0.450724,-0.804565,0.00767282,-1.01209,0.641059,-0.0925108,1.25131,-2.38597,-2.42877,-0.119438,1.49473,-1.52737,1.84963,-1.00449,-0.971519,-1.54235,-2.68679,-0.350097,-0.17928,-1.03864,2.06401,1.72535,3.15668,-3.73685,1.25588,-1.56685
5.33584,0.0208522,0.57213,-0.440749,1.13589,-1.612,0.800504,0.462256,0.236582,-0.540866,1.04241,3.07223,-0.491446,-1.0152,-0.702744,0.318825,-0.460634,0.022556,3.00011,-1.52674,-0.139419,0.631312,0.664695,2.5387,-2.01795,-1.94371,1.70483,0.792988,0.413876,3.00019,-0.191458,1.147,-1.04965,-0.294019,-0.309993,-1.48212,-1.6774,0.80629,1.65065,-0.217807,-1.69917,-0.0689302,0.446989,-2.38101,0.476113,2.64711,-1.7422,0.886121,0.267731,-0.7588,0.506624,-1.09036,0.712571,-1.92006,-0.214895,-0.0108301,-0.561776,-0.0835576,1.15043,3.35884,-1.53429,-0.505301,-0.873118,-0.512788,0.423886,2.09427,-0.711638,-1.11533,0.499184,-0.54988,0.843709,0.0842394,-0.408838,-1.15423,-0.252799,-0.3823,0.42085,-0.0714458,1.46212,-0.555776
-0.335943,-0.793878,3.32811,-0.510247,1.98424,-0.397688,0.747361,1.47658,-0.365856,2.32006,-0.692133,1.0302,0.68451,-0.122342,0.0630219,-0.0651313,0.267898,-1.21233,0.887985,0.234707,-1.74451,0.829984,-1.147,0.744483,0.686708,-0.968792,-0.584076,1.66683,-0.113871,-1.00342,0.117902,-1.38424,2.95692,-2.64059,1.64255,-1.47193,-0.26717,2.30507,-1.20615,1.64659,-1.15869,-0.0276466,-1.22583,-0.733124,-1.16396,-1.30497,2.79417,-2.52119,0.616967,2.12291,-1.38067,-0.932861,-0.925677,-1.43786,-2.7537,0.929718,-1.40964,1.8845,0.100771,-0.153006,0.845793,0.735293,-1.31648,-0.378677,-2.05115,-1.56486,-0.551995,-0.74018,-1.05474,0.765042,2.16063,-2.61425,0.545957,-2.67204,0.0588094,0.50629,-0.665678,0.599297,1.12825,0.103924
1.26414,-1.23763,1.82896,-1.97305,-0.735277,-1.26769,-1.43993,-0.350066,0.110568,0.475158,1.47056,0.805905,-0.559684,-1.08099,-0.0397722,1.59791,1.3827,-0.812261,-1.96794,-4.34058,0.210319,-0.328189,-0.863647,0.166214,1.09385,1.31465,-2.53319,-1.70448,3.31911,0.218567,0.821272,-0.871956,-0.267777,-0.676691,1.26987,-1.1844,1.15799,-0.167977,-1.23329,-0.58404,1.92654,-0.0021843,1.18761,1.8243,-2.05142,2.30389,-1.6736,-1.00516,0.488146,-0.275439,0.957794,-0.321787,-0.0195808,-1.23885,-0.90703,1.10912,-1.49515,0.259902,-0.454572,-1.54749,-0.381628,-1.00354,0.756352,-1.77045,-0.230733,-2.1139,0.668194,-1.0947,1.61523,0.366941,0.10533,1.11197,0.848297,2.4808,0.341604,-1.6086,1.12407,-0.659269,1.92364,0.128436
-0.419499,0.129817,-0.037243,1.08386,1.84679,-0.0567126,-1.31362,-2.29992,0.385046,0.482893,0.978956,0.408076,-0.172848,0.590559,2.12403,1.31022,-1.30319,-0.478917,-0.455381,-1.6002,0.87292,-0.275313,2.1688,1.53975,1.18312,1.02314,2.39019,1.2877,-0.633179,-0.8925,1.79295,-0.471364,1.54933,0.603237,-0.15605,-1.6404,1.17821,-0.182562,4.51622,0.778768,0.502298,-3.41243,0.429125,2.34098,0.142806,0.154433,0.734881,-0.736722,-2.56457,1.42729,-0.576,0.338177,0.504979,-0.515058,-0.0307235,1.24231,0.458948,-1.64946,0.880946,0.51653,1.23767,2.13878,-0.0285641,-0.0532873,1.0807,0.394541,2.01243,-0.481658,0.465169,0.350549,0.296894,0.75076,-0.334993,-1.18675,2.66954,-0.239944,0.992589,0.858756,0.513498,2.22947
0.13939,-0.265048,-0.376942,-0.862321,0.344472,0.341072,0.0368541,0.0516883,-1.93753,0.937976,-0.368314,-1.13528,-1.18888,-1.16835,-2.48542,0.0581876,-2.0512,-1.50128,2.74571,0.338675,0.806125,0.852044,-0.522694,1.35262,-0.0410748,3.33331,-1.51827,0.703477,-1.61381,-1.5386,-1.09663,0.0972668,0.659301,2.67122,-0.790414,1.58638,-1.78316,0.4378,1.2617,-0.855488,0.573863,-0.81219,1.56363,0.640513,0.133052,2.04371,-0.785023,-2.40978,2.55614,2.31053,-1.41664,0.404818,-1.27995,0.657162,-0.460004,-1.1117,-0.672484,-0.0388593,-1.2056,0.396085,-1.01151,0.245076,-1.89963,0.468288,0.391883,0.286674,0.0595439,-2.71374,0.415117,0.728741,0.205777,0.964313,2.6289,1.65409,-0.727419,0.817408,-0.0583753,1.12051,-1.56647,0.763345
-0.594074,0.552501,-1.01181,1.09431,0.790361,1.05275,-1.0944,0.54329,0.509129,1.10413,1.00175,-0.669723,0.634177,0.407148,-2.16304,0.80124,-2.18663,-1.58328,-1.11448,-0.384434,-0.281349,0.783321,1.19683,-0.734018,-1.29779,-1.23224,-0.0144728,0.0395782,1.002,0.850562,-0.224558,-0.87074,1.65459,-0.704402,-1.82139,-0.0327252,0.205804,1.17791,0.171344,-0.718699,0.486293,1.53876,1.10837,0.115778,-1.47867,-0.39411,-0.294246,0.0198986,0.780721,-1.11642,-2.32073,0.659829,3.15972,0.279399,1.43152,0.864516,-2.45584,-1.27342,0.261845,-2.47457,-2.89087,1.78442,1.19315,0.689575,2.32851,-0.216458,1.11748,-0.468746,0.322427,-3.68071,1.56344,-0.665257,1.12335,-1.81497,-1.64533,0.0514179,-1.25267,0.359721,0.921915,-0.834908
1.70926,0.654465,2.34811,1.5423,-0.738739,-0.45608,-0.234965,0.362937,0.310658,0.405185,-0.631163,1.12744,-2.62429,0.102864,-2.32895,-0.456928,0.425876,0.498662,-2.43973,2.23917,1.88735,-0.176552,-1.44985,1.39676,0.135207,-0.202828,-1.56787,0.29182,-1.55797,-1.39197,1.40108,0.373,-0.597671,2.08531,0.211585,1.05623,-0.163723,0.677215,-1.29278,-0.773936,1.65507,0.629683,-2.29339,0.834728,-0.412687,-0.200736,-0.020263,1.23052,-1.0386,-0.20699,-0.376457,-1.80049,1.18222,-1.41457,-0.560352,-1.35617,1.30995,-1.72984,1.60701,1.10394,-2.43553,1.45481,0.964299,-0.00203682,-1.28184,-1.01934,1.82792,0.46607,-1.35946,0.288879,0.381582,1.11056,0.567777,-0.547382,1.68135,-0.677071,-1.48537,2.55941,1.4875,0.417034
-1.08019,1.06494,-1.28208,-1.16969,-0.470249,-1.56391,0.850808,-0.156889,1.33658,-1.12663,1.16622,-0.35687,0.892781,0.730194,-1.03749,1.93259,1.8366,-2.0398,0.406705,1.48441,0.756712,0.338657,0.334869,1.79571,-0.354759,-1.12847,1.1591,-0.143686,-0.25975,0.833367,-0.7211,0.234382,-2.28492,-0.575105,-2.21985,0.726443,-0.576681,-2.01282,-1.12947,0.0847234,2.774,-1.515,0.0234712,-0.791128,-0.8253,0.874304,0.578911,-0.560328,1.16283,3.44891,0.748304,0.460514,2.98368,-0.900118,-1.34462,-0.641837,-0.364674,0.272106,-0.711693,-0.719303,2.52245,-1.61852,1.19991,2.14738,0.730095,-1.40434,-0.73982,-0.53961,-0.812882,0.870976,0.415713,0.169835,0.37161,-1.56797,1.57705,-0.00878745,-1.21742,0.141436,1.50595,0.175225
0.275097,-1.48219,-0.584769,0.845335,-1.14802,2.45307,1.58959,-2.15687,-0.567719,-1.19498,-0.846289,-0.702619,0.502507,-1.54187,0.0867641,-0.402102,-0.471815,-1.70506,1.39111,-0.0419293,2.91051,2.30706,-1.59994,-2.03072,-0.84946,1.40147,-1.69741,-0.917732,1.1325,0.272668,1.8849,-0.509008,-0.246811,-1.30159,-1.14912,0.412179,0.732631,0.144536,0.651102,1.56733,0.395654,0.202977,-2.37225,1.20112,-2.15875,1.20478,-0.949789,1.05017,0.00580461,0.495846,1.32421,-1.15802,0.265465,0.608792,-1.00952,1.32086,0.598548,1.39607,0.105229,0.656884,-0.457964,1.35355,-0.419858,0.590456,1.61389,1.11944,-2.06062,-0.0986137,-0.580704,-0.0456079,1.99421,-1.00222,-2.66767,-0.808845,0.932863,0.488954,0.392397,0.985206,0.124054,0.0160438
-0.0547284,-1.89982,1.90122,0.00984206,-0.104649,-1.95422,-1.06417,0.442604,2.0825,0.869361,1.09498,0.68236,1.37427,0.836103,1.47955,0.274412,1.16217,0.545402,-0.360379,1.15665,2.49908,-1.47923,0.719079,1.09661,-2.10487,1.90141,-1.56546,0.099116,-0.388537,1.13832,-0.728911,0.746304,0.403309,-0.658819,-0.97629,-0.642808,1.42662,-0.185797,-0.435201,-0.898808,-1.35623,1.50435,-0.774349,-0.857636,0.31957,-1.11728,-2.12984,1.4462,-1.16104,1.63358,0.272617,2.59977,-1.61027,0.594805,0.338282,-0.241025,-0.198788,1.55514,-0.0436656,-0.93042,0.040987,1.96217,0.0820501,-0.708087,1.52122,0.217409,-1.69996,-1.62011,-1.32415,-0.726552,-1.04567,0.64238,2.16407,-0.643265,-0.0161361,2.45178,0.712157,1.49981,0.208506,1.20624
-0.898819,-1.02245,-2.44082,1.35925,-1.23814,-2.86338,0.489328,0.129614,0.0469339,0.0569779,1.22737,-0.0548878,0.945061,-0.534233,1.47459,-1.04898,-2.84676,1.45017,1.07935,-0.311586,-0.499801,2.30528,0.262574,-0.489095,-0.162062,0.964401,-0.329068,1.39341,1.04078,-1.65382,-0.972696,-0.708426,-0.0597176,-0.387234,-1.09239,-3.2202,-0.866295,-0.754553,-0.808415,0.310174,0.746416,-0.174422,-1.66905,0.707928,-0.593953,-0.138567,1.70066,0.703967,-0.161725,-0.278441,2.34251,-1.60979,0.267948,-1.42537,1.13511,-1.86742,0.234978,-0.0444006,0.966871,0.396707,-0.299853,-1.09014,1.60672,-2.19997,-0.209543,-0.0644868,0.334015,-1.16597,-0.291886,-0.390029,0.393969,-0.648048,2.42781,1.01276,-0.220834,0.571928,-2.00002,0.558445,-0.399567,0.571071
1.6396,2.2076,-0.439219,-1.99722,-2.39241,0.120655,-0.186897,0.71354,-2.10705,-0.123301,-1.73949,0.512327,1.27699,-0.575142,0.699521,1.75267,1.5111,-1.7297,0.669948,-0.363198,-1.2825,0.547907,-0.906795,0.0773683,-1.99014,0.421975,1.03976,-0.244197,0.0453104,0.956569,-0.847807,-2.43843,0.265837,0.18988,1.42621,-0.443047,1.71581,-0.164242,-1.11988,-0.214233,0.74119,0.560135,0.159471,1.91879,-0.38269,0.252436,0.521223,-0.878206,-0.573544,-1.5452,0.59478,1.37018,0.132968,-0.783102,0.904565,0.0825546,2.03998,-0.499463,0.239515,-0.569405,-0.338712,0.202864,0.248316,0.826793,-1.33957,1.96302,1.63634,-1.40249,0.143585,-0.346868,-1.55421,-0.450124,-0.0105796,-1.97697,0.196857,2.51435,-0.710681,2.07495,-1.40359,1.7793
-0.288995,-1.1274,0.0661777,1.42668,-1.34958,-1.29942,-1.77306,-1.66826,-2.18905,-1.03294,-0.0822503,0.550111,0.358314,0.229391,0.33145,-0.265974,-0.820252,-1.8496,-1.29806,-0.803153,-0.404975,-1.92659,-0.317291,0.120302,-0.238042,-0.0428515,1.11233,0.418821,-0.598085,-2.10958,0.656852,0.0713513,-1.91906,-0.12837,1.15842,-0.996025,-2.36343,-0.421018,0.922236,2.66621,-0.531647,0.662947,-0.957549,-0.858438,-0.738737,-0.0900663,-0.155429,1.82459,1.72678,1.01219,-1.58756,1.2131,0.423297,-0.0420349,-1.46493,0.76099,1.45901,0.852926,-0.883894,-1.12596,-1.80217,-2.00292,-0.502708,0.795641,-1.91368,0.446883,-0.219576,1.11489,0.553383,-2.46923,0.256387,1.7072,0.611421,-0.418416,-0.476279,2.00448,1.02682,-0.60266,1.08906,0.854478
-1.11659,0.833077,0.877506,0.999427,-1.61559,-0.827944,0.226776,0.93232,1.5302,0.885819,-1.29364,-2.09449,0.67889,1.99667,1.48233,-0.217896,0.767237,-0.251577,2.62066,-0.182298,-0.0147275,0.203889,1.15733,0.421796,0.0101918,-1.21828,-0.764558,0.163871,0.515418,-0.2911,-0.207096,-0.245933,-0.835294,0.752521,-0.922445,2.21326,0.878201,0.736317,0.146984,0.173253,0.654688,-1.4336,0.187805,-0.454131,-0.94247,1.35436,1.06448,-1.14615,0.178261,-2.63544,0.305497,1.08398,-2.14978,0.148831,-0.0468962,2.8175,0.538476,0.130511,0.685423,0.959719,-0.622563,-1.19082,-0.810501,-1.05204,-0.281661,0.567663,0.470972,0.859942,-1.2862,-1.80163,2.4655,2.27076,1.70854,0.507132,1.56556,0.248293,0.182129,0.866506,1.77907,-1.42002
0.737012,2.10426,-0.789388,-1.35224,1.05803,1.34376,-1.35779,-0.522126,0.536852,0.743357,0.122014,-2.76563,0.827534,-0.466352,2.43532,-1.41353,0.143324,-0.190538,1.02446,-0.337993,-1.21004,-1.12861,-1.90497,1.73658,0.914315,-0.283045,0.428,0.103109,1.53674,-0.507427,1.76791,1.03264,-1.31472,0.885401,-1.18468,-1.02112,-2.20391,-1.03332,-2.58593,0.447601,-0.388734,0.630396,-0.0215264,-0.385361,-1.58423,-1.0919,0.854508,0.873309,0.528251,-0.319085,-0.983225,-0.303513,-1.14854,-1.04654,1.93085,-0.325918,-0.43213,0.155244,-0.308648,0.843505,-1.71517,1.77027,0.34911,0.955129,1.63802,-1.42841,-0.0874175,-0.891117,0.408152,1.68921,-0.0178144,0.453705,0.0305519,-1.08571,0.495174,-0.0499706,2.43325,0.981215,0.13386,0.599991
-0.555481,0.748204,-0.521835,-0.991702,0.213844,-1.69583,1.01794,-1.9455,1.83303,2.07135,-1.54269,-1.01627,-1.27853,-1.02361,-0.629418,0.229425,-0.639749,-0.0749703,0.482784,-0.612658,1.62453,-0.39239,0.305339,-1.12696,-1.40431,-0.48836,-0.16694,1.97168,0.605012,-0.976064,0.193135,0.398618,0.206473,-1.16916,0.276391,-1.07599,0.261985,-1.47593,0.529544,0.661496,0.413922,1.20894,1.10356,-0.542449,-0.993346,-0.54316,-0.480008,-1.12767,-0.490846,-0.813311,-1.48346,0.86702,0.88647,-1.91899,-1.59099,-0.903293,-0.25807,-0.0593696,1.88873,-1.5232,-0.307658,-0.0376347,-0.411434,-0.707508,-0.519231,1.29659,-0.34349,0.955231,-0.65334,2.74604,-1.12358,3.10179,-1.37952,-0.462696,-0.859925,0.605284,-0.0176664,0.48011,-1.65054,-2.67168
-0.193069,-0.403156,-0.0626611,-0.173994,-1.17821,-0.0986597,0.978877,1.44858,-1.55829,0.902624,0.301052,-0.0545186,-1.59048,0.465745,0.526004,-0.596314,-0.433785,-1.61725,0.377827,-1.84314,1.98109,-1.86952,0.365497,0.0352465,-0.961303,0.255964,-0.677967,-0.817967,0.101278,1.78259,-0.163344,0.610104,0.859473,1.96545,-1.84402,-1.33665,0.937137,-0.179243,0.378044,0.0275349,-0.217789,1.30888,-1.25682,-2.56234,-0.0392433,-1.04604,2.16217,-0.226603,-0.304522,-0.117238,-0.523347,-3.24827,-0.0242206,1.3906,-0.814991,2.33698,-1.08594,-0.357922,-0.161333,0.0873641,1.06226,-1.49822,1.39229,0.724006,-0.303019,-0.615876,0.375223,0.453824,1.69057,0.0152086,-1.15629,1.10792,0.618176,-1.18228,0.842937,-0.644188,0.0521201,0.800368,-2.43075,0.810945
-0.0497593,-2.15696,0.15102,-0.70016,-1.41045,-0.255433,1.09796,-1.33961,1.61495,0.122156,-1.61741,-0.274611,-0.410066,3.80948,0.692828,-0.535278,-0.703162,1.79645,-0.262561,-0.161456,-1.95271,1.01233,-2.58088,-0.573097,-0.505457,0.0110522,0.0894434,-0.0754718,-1.85772,1.16694,-0.252522,0.404792,0.261532,0.353047,-1.36217,-0.915095,1.15188,-0.198536,0.47261,1.20396,-0.258356,1.39942,1.39655,-0.573351,-0.127463,0.427293,-0.274517,-0.009645,1.28177,0.767337,-0.987056,0.197483,-0.578706,-1.7988,-1.91619,0.535703,1.19253,-1.9384,-0.733081,-0.121041,-0.277474,-0.125318,0.206322,0.848671,1.67529,-0.129109,1.57395,-0.995479,1.90068,0.053601,-0.742281,-1.62339,-0.828254,1.30812,0.22022,-0.06696,-0.222967,1.22117,1.35067,0.00395697
0.200649,-0.021737,-1.894,0.696376,0.560933,1.41981,0.174989,-3.43305,-0.8131,-0.0734407,-0.292853,0.778888,1.53497,-1.60081,0.0370503,0.210609,-0.852868,0.783347,-0.418148,-0.336702,-0.467993,-1.62883,0.961451,-0.481224,-0.0544688,-0.557339,-0.619787,-0.0809084,-0.674833,0.999116,-0.86347,1.19041,-1.86457,0.0196003,-1.35154,-0.306313,1.08162,1.52159,-0.838067,-1.09961,1.05774,1.86626,2.45117,0.723835,0.761843,-0.203851,0.964612,0.41957,-0.0659862,0.0279991,0.689863,-0.593312,-1.59976,-0.357937,-1.42781,-0.260262,-0.0687713,1.36925,-0.29578,0.30047,0.789512,0.492692,-2.87293,-1.23423,-1.37532,-2.14006,0.804269,-0.719946,-0.460279,-1.27903,-0.226043,1.00573,0.0919007,-1.86334,0.643548,-0.929672,-1.61096,1.32232,0.634769,0.0199341
0.324149,1.47964,-0.744153,0.53506,0.882339,-1.52024,2.23201,-0.329586,-0.668637,0.217913,-1.15203,1.25398,0.596352,-0.0970393,-0.566935,1.97693,-1.05723,2.28858,1.84292,-0.320923,1.03821,-0.471355,1.26264,-0.140875,1.40317,-0.0166442,1.70749,-2.00424,-0.035388,0.643089,0.558169,0.7621,0.89989,1.19312,0.490554,0.447609,-0.583955,0.179764,-0.816222,1.02361,-2.44499,0.737768,-2.50656,1.63734,-1.61982,-0.748428,-1.52679,-1.02915,1.58714,-0.283196,1.25907,0.231332,-0.758734,1.22657,-0.477201,0.617375,0.911122,-1.1032,-0.682764,-2.09703,-0.11715,0.633308,0.602111,0.323795,0.452143,-1.99945,0.51072,-0.16857,0.534806,0.960023,-0.453503,0.880677,0.640797,-0.682711,-0.158081,0.636027,-0.554032,-0.406383,1.60473,-0.737451
-0.946753,-1.42641,-0.803038,-1.41821,0.701504,-0.364058,0.268125,-0.0666232,-0.413281,-0.74148,0.910012,1.33282,-0.786264,1.71775,-0.699528,0.440919,2.58568,0.315988,0.02556,-0.659949,1.06709,0.605879,1.59107,-1.44157,1.81695,0.239835,0.0878117,2.54694,-1.28933,0.91905,0.206527,-0.304047,-1.09973,-0.0920237,1.36829,0.444451,-0.904707,-2.19372,-1.16487,1.6806,-0.229277,0.557853,0.0666546,1.06596,0.360746,-0.348619,1.12772,-0.480366,0.902229,-1.89327,-0.851929,-1.08637,-1.13634,1.01403,0.53769,-1.4187,-1.02258,0.754314,1.12872,-0.209955,-0.00357927,1.27166,0.23404,0.757889,0.128611,1.34131,-0.993253,-1.66995,1.69875,-1.4357,1.28932,0.877431,-0.121354,-0.343407,0.000145712,-1.22598,0.208613,2.37902,0.482193,0.279544
-1.75689,-0.229001,0.208938,-0.607346,-0.84224,0.650179,-2.54063,-0.629916,-0.878154,-0.642315,-1.74308,-0.477155,0.383794,-0.450622,-0.322254,0.432817,0.0754527,0.686042,-1.25281,-0.798838,-0.250016,-0.505509,0.856267,1.28775,-0.132296,0.927724,3.03186,1.17128,1.39002,-0.0977183,-1.43252,1.48243,1.91809,-0.706776,-0.622283,2.53766,0.630642,0.216322,-0.340736,-0.182687,-0.33893,1.36381,-1.92653,-0.71806,0.621229,1.17192,0.696088,-0.237354,-0.395483,0.199082,-0.315904,-0.755742,0.20775,-0.178808,-0.590098,-0.0652051,-0.171854,0.601511,0.514248,1.11802,-1.71405,-0.615802,1.0886,-1.1216,0.307496,-0.14007,-1.08713,-2.84519,0.604041,0.710819,-0.147116,0.0918718,-1.3559,0.721972,1.72443,0.621337,-1.23017,-0.530005,0.49071,-1.1589
1.32123,0.174646,-0.247292,1.34744,0.770607,-0.299256,0.470703,-0.549539,-1.03122,1.03217,-1.4027,-0.348717,0.870414,0.736477,-1.87056,-0.8896,0.425866,0.77428,-0.316506,0.74858,-0.843818,-1.12055,0.619642,-0.112817,-0.209741,-0.497936,1.4539,1.05259,-0.06765,-0.0250345,0.247336,-2.02616,-0.400217,1.062,0.592123,-1.30404,1.26156,0.530955,0.212009,-0.0668882,1.68687,0.214728,-0.526876,-1.17498,-2.31826,2.47483,0.0614286,1.52954,-0.741116,-0.592841,-0.540594,-1.14328,-1.5764,0.947085,-0.507975,-1.23676,-1.85111,2.18708,-1.17294,-0.807067,1.77637,1.11394,1.49088,1.22841,0.94829,0.885247,1.13916,-0.547966,-1.21714,0.305616,-0.343131,-0.0323832,0.375642,1.69931,0.656072,0.88873,0.929917,-1.02459,0.126418,-0.499349
-1.38924,0.909342,0.410872,-0.897673,-1.72717,-2.12744,1.59563,0.0132578,0.499171,-0.853417,-0.635927,0.451424,-0.40304,-2.09797,-0.359959,0.144034,-0.263796,0.0489382,0.35148,1.1012,0.900544,-0.0702047,-0.922247,1.06954,0.444966,0.917163,0.0547634,-1.4575,0.734023,-0.576191,-1.59174,1.21531,0.912287,-0.256896,1.38934,0.107211,1.15224,0.152617,0.908058,2.47223,-0.75834,1.0494,1.0153,1.07679,1.40013,1.28563,1.97294,2.37123,0.062819,-0.882599,-1.12278,0.0578123,0.0482068,-0.892687,0.909613,-0.664191,-2.14603,-0.300293,0.0307773,0.373136,0.624393,0.0190526,-0.6958,1.048,1.29098,-1.09987,1.17709,0.0583809,-1.14649,-1.28972,0.528418,-0.298526,0.000898284,-0.4703,0.337398,-0.595513,1.97792,-0.291278,0.0234133,0.186921
-0.065241,-0.34982,-0.675098,-0.373919,0.924183,-0.560503,-0.864477,1.32376,-0.85127,-0.0398585,2.55665,-1.42416,-0.893975,0.027379,-0.439848,-0.269628,-0.711168,0.613157,1.0393,1.4747,0.529069,-1.15677,-0.355446,-1.73392,-2.05615,1.28246,0.567193,0.417617,-0.49739,-1.76527,-0.279274,2.19514,0.302191,1.42771,0.752048,-0.308437,1.89339,-0.821273,-1.24225,0.372572,0.447593,-0.318426,0.252117,-0.238655,0.381625,0.904462,-1.12384,-1.17932,-0.177025,-0.962534,0.807289,0.752126,-0.174786,-1.17728,-0.459811,0.716647,-0.22499,1.52186,-1.11899,0.788278,0.356034,0.45974,1.30595,-0.409228,-0.892937,-0.213021,1.73428,0.4145,1.60001,-0.0678954,1.56634,-0.642266,-2.0424,-1.95938,-0.471546,0.536126,0.157927,-0.557842,1.682,0.156942
-0.149584,0.51144,0.998101,1.99785,0.977737,-0.425014,0.899875,-0.0828341,-0.866546,0.628578,-0.307422,-1.74453,1.35427,1.01089,1.99723,-1.89297,0.186478,0.078407,-0.367624,0.0461875,-0.254426,-0.968956,0.387191,1.59271,-0.752034,0.43466,-1.2939,-0.160454,0.0278582,0.25782,-1.26308,-0.742223,1.18959,-0.301405,1.58697,0.139254,-0.786751,-1.34177,1.75009,0.485995,1.2455,1.57771,-0.220222,1.75576,0.560031,0.718825,-1.55166,-1.01129,0.865958,-0.644956,0.815118,-0.6681,1.76535,0.290265,0.48514,0.0418901,-0.262617,1.44429,0.518678,1.3979,0.102224,-0.54131,-0.181463,2.03537,-0.0464255,-0.494144,-0.606115,-0.30693,0.456077,0.172991,-1.81239,0.253631,-0.344135,-0.641309,-1.09956,-1.61198,-1.06246,0.918786,1.38844,-0.505171
-1.12064,1.26152,0.346794,0.0724343,1.32381,-0.580558,-0.0499318,-0.950699,-0.832279,-0.155089,0.523846,-0.252794,-0.260501,2.0688,-0.755683,0.245279,-0.45147,-0.853357,0.42161,-0.172507,0.360116,0.180178,0.0508205,-1.29192,1.94993,0.932958,1.20443,-2.11812,0.331398,0.32053,0.705935,0.249979,0.931479,1.22073,0.156446,-1.96675,-0.157639,-0.219455,-1.63564,-0.60976,-0.580311,0.890218,1.57574,-0.500556,1.04675,0.73947,-1.06346,-0.720183,-1.668,-0.694311,0.268639,-0.309591,0.834094,-1.80728,-0.680329,0.409734,-0.0250272,0.736313,1.16584,0.844927,-0.828503,-0.298075,-0.638646,1.77288,-0.576747,-0.262653,-2.30472,0.531281,-1.88487,-1.16465,0.0780087,-0.930766,0.471602,1.63617,1.47738,1.53069,-0.395878,0.683361,-0.672609,0.147333
0.608125,1.27965,-0.118789,0.689903,1.15712,0.268004,0.778438,-0.259374,-0.397767,-2.15037,-0.28477,0.489866,-0.861137,-0.842199,0.565413,-0.271051,-0.0323088,-0.0304023,-0.933121,-0.301265,-1.24394,1.6286,-0.111478,0.272142,0.276089,0.468487,-1.41904,0.20539,0.318103,0.389366,0.248701,0.826319,1.07782,0.182645,0.197236,0.752193,-0.292183,-3.55173,-0.787722,1.04499,-0.0158135,0.135911,0.326216,-2.28664,-0.734707,1.74407,0.00891386,-0.896816,-2.1929,0.704232,-1.37378,0.327893,-0.593378,1.93475,-0.358506,0.315811,0.796754,0.73241,1.45555,-0.423874,0.260503,-0.449893,-0.563987,-1.65182,1.34686,-0.868444,1.70686,0.576932,-0.270371,-0.738911,-0.77093,-0.492829,0.765937,-0.641665,-0.58509,1.22436,-0.639059,0.345176,0.650367,0.0643036
0.38005,-2.04466,-0.118777,0.631591,0.406465,0.340218,-0.967672,-0.363604,-0.17152,1.67524,-0.0140496,2.57108,0.206016,0.611145,-0.325633,-2.59104,0.210544,-0.679965,1.23418,-0.185944,-0.229067,0.0616041,-0.644138,-0.963871,-0.268254,1.23074,1.43706,-0.303962,0.0940767,0.553223,-0.197411,-0.0251907,0.119313,-1.42843,0.439015,1.49773,-0.252825,0.358095,-2.04966,2.06572,0.632927,-0.912557,0.864257,0.0329544,0.2284,0.651174,-0.298238,0.40899,-1.05245,-0.433216,-0.200106,0.275291,1.13126,-0.0523647,1.24464,1.29247,0.988983,-0.941646,-0.423099,0.937004,0.996094,0.208408,0.399111,0.745358,0.881509,-1.93558,0.694918,-0.469276,-1.00881,0.973476,0.183313,2.44664,0.762383,-0.283125,-0.991131,0.0655022,-1.06491,-0.45705,-1.263,-0.123865
-0.658055,0.577844,0.438577,-0.137877,-0.528295,-1.35411,-0.802263,0.439088,-0.477974,1.6201,-0.313628,1.0485,0.196447,-1.80438,1.40378,0.889595,-0.294976,0.901006,-0.474907,-0.334483,0.707423,-0.791639,0.490267,-1.4752,1.25656,-1.26257,-0.0434442,1.40876,-0.284221,-0.970882,-0.434613,-0.91555,-1.16644,-0.603792,-0.794615,0.400477,-0.172306,-0.376266,-0.0834477,0.463613,2.08598,0.391799,-0.300037,-1.53003,1.5958,0.921466,-2.27341,-1.2884,1.56781,-0.791191,-0.295476,-1.51367,0.260683,0.68042,0.00395054,0.842619,0.380872,-1.61594,-0.918134,1.01641,0.127266,0.869506,-0.582492,-0.0941015,1.32756,-0.921716,-0.0753802,0.434268,-0.981951,-0.217601,-0.309219,-2.27322,-0.537345,-0.091381,0.0842785,1.42166,1.17766,0.983132,-0.519367,0.4233
-0.390236,-1.83558,-0.848855,0.405794,2.70536,-0.131576,-0.494105,1.18995,-1.10798,-1.00672,-1.64989,0.614965,-0.69834,-0.260158,0.574965,1.34153,-0.81254,-0.874712,-0.0340932,0.253828,0.58704,-0.581371,-0.312332,-0.198866,-0.390449,-1.15613,-1.11881,-0.547211,2.07779,-0.427926,0.353578,0.376254,0.729386,0.425026,-1.27044,1.24001,0.401412,0.18651,0.540524,0.407377,1.09707,-0.599131,0.372949,-0.770544,-0.445155,-1.17742,0.754097,0.438943,-0.238258,-1.58621,0.358949,0.289958,-1.1714,-1.4119,-0.204975,-1.23865,0.527786,-1.378,0.792446,0.178143,1.29978,-0.500313,0.0868261,1.73599,-0.541988,0.221455,-0.698654,-1.49927,-0.597394,0.0326177,-0.985638,0.0901556,-0.195624,0.678527,-1.78583,0.754266,0.569276,0.241578,2.08189,0.891397
-0.264028,-1.09352,-0.00873331,-0.594999,-1.03155,0.551734,0.0424306,1.35948,-0.231842,-0.847243,-0.315312,1.62906,0.331991,-0.677354,0.360701,-1.09878,0.185252,-0.0493746,0.941894,0.541776,-1.37127,-1.68374,-0.652779,-0.0506475,0.299387,-1.65667,0.0102335,-0.826874,-0.308449,-1.03266,1.04746,0.356113,1.55533,-0.852529,-1.5241,-0.532489,-0.109691,-0.0545575,0.623422,-0.201763,0.41855,-0.555804,0.868984,1.45012,0.397774,-0.614715,-1.67216,-0.405471,-0.602748,-1.03839,0.278309,-0.0190845,0.434385,1.46147,-1.20725,-2.38764,-1.26023,1.18696,0.906613,-0.243979,-0.69933,-1.14428,-0.170353,0.54039,1.38162,-0.222812,0.485051,0.926027,1.68781,0.825336,1.10236,0.789051,0.75445,-0.198607,2.071,1.71127,-0.289268,0.893898,-0.100926,-0.351076
-0.219649,-2.36353,-0.188947,-1.20251,0.875539,-1.28269,1.21381,-1.22356,-0.521646,-1.12298,-1.16122,-0.924868,-0.529042,-0.185844,0.804523,0.129676,0.731821,0.94972,0.278149,-0.417652,0.104721,-0.074012,-0.138986,2.00091,0.649281,0.442439,0.107061,-0.177722,-0.347165,-0.0399048,0.872437,-0.0130469,0.885508,0.586697,0.826544,-1.00585,-0.0985211,1.47993,-0.841658,-2.47986,1.50491,-0.458079,0.737597,-0.705706,1.25049,0.145367,0.996573,0.549036,1.40919,-0.37511,0.0380286,-0.110006,1.85899,1.70147,0.411314,0.898042,1.77714,0.900519,0.95534,-0.63328,-0.271,0.514109,1.03265,-0.229163,0.459702,-0.208044,0.496778,0.0667732,-0.663968,-0.14231,1.51665,0.280645,-0.759775,-0.705796,-1.3176,1.17322,0.644947,0.0271499,-0.35443,-0.784049
0.961249,-0.259535,-1.46648,-0.719697,-1.38464,0.647696,0.00893145,0.934214,-0.958834,0.847016,-0.174753,1.91416,0.702947,0.900912,1.91711,-0.0364133,-1.00699,-0.431135,-0.0509928,0.675438,0.759891,-0.439847,-0.0875903,-0.0102814,0.726974,-0.0728275,-0.536416,0.150841,0.733072,0.428514,-0.0565334,0.771461,-0.273786,1.16543,0.542213,0.52403,-0.16575,-0.830238,0.906249,-1.26333,-0.766701,0.862521,-0.771203,0.0297425,-0.699915,-0.673774,-0.0724982,-0.819202,-0.539463,0.672105,-2.06182,0.159419,2.13364,-1.13467,1.29021,-0.383443,0.730294,1.43993,-0.467664,-0.342837,1.92362,0.546568,-0.81445,-0.42778,-0.775892,-0.286572,0.951873,-0.592991,-0.630158,-0.348183,1.67118,-0.403005,-0.508221,1.86617,0.402883,0.00788388,0.688428,0.555967,0.514618,-2.21111
0.247012,0.0707276,2.10961,1.31371,0.125464,-0.389754,-1.56105,-1.58077,0.346197,0.347412,-1.1463,0.546222,-0.185273,-0.56483,0.347555,0.328128,0.56869,0.213388,0.0574905,-0.481595,-1.48844,1.44621,-0.956138,-1.28932,-0.0632918,0.34979,0.381435,1.01414,0.470252,-0.225298,0.221408,2.06029,-0.244319,1.6285,-0.0933233,0.607196,1.01357,-1.06393,0.569595,-1.91383,-0.684246,0.362667,-0.515815,0.450716,0.213371,-0.319022,-0.45805,0.0161725,1.01481,-0.534773,0.346245,-1.29893,0.228771,-0.869714,0.91427,-0.109955,-0.282682,0.503243,-0.0693119,-1.64816,1.53348,-1.58797,-0.372212,1.39234,0.986315,0.907106,-0.450235,0.263555,-0.238631,0.407665,1.58017,0.00681342,1.51914,-1.75217,-0.358032,-0.416819,-0.0945083,-0.424001,-0.585241,0.796062
-0.587485,-0.341846,-0.568956,1.08995,0.57494,-1.47631,0.492418,0.321033,-1.54842,-0.456599,0.849274,0.933932,1.01362,-0.178724,0.15415,-0.811557,1.15158,-0.386967,-1.2149,1.53941,0.695375,0.0885589,0.168892,-0.266155,0.8228,-0.232677,-0.221005,-0.0872385,1.55484,0.249553,-0.898569,0.553951,0.520253,-0.719468,-1.22637,-0.69836,0.00901434,0.985648,-0.428213,-0.130898,0.0731764,0.146116,0.140926,-0.793101,0.101846,0.918822,-0.198266,-1.1291,0.627737,0.917103,-0.150152,0.491441,-1.61649,-0.787186,1.00499,0.687082,1.582,0.243981,0.640117,-1.42365,-1.93953,0.0941971,-0.895495,1.40658,0.4204,1.97126,1.89549,0.185794,0.324248,1.52581,0.284124,0.0306416,-0.229046,-0.147325,1.18464,-2.11299,0.206188,-0.325765,-0.782583,-0.18976
-0.905177,0.84179,-0.936029,-1.68162,-0.663147,0.106317,-1.46955,-0.269007,-0.626769,0.0511904,-1.78569,1.018,0.89751,1.00103,0.744165,0.764895,-1.14558,-0.911814,-1.26546,0.615131,0.0934219,0.427123,0.497155,-0.0982826,-0.528671,0.694211,-0.596689,-0.887928,-1.84821,0.927032,0.044172,-0.242929,-0.278723,0.729441,0.840091,0.0596648,0.448972,0.636714,-0.0483662,1.22681,0.693295,-0.516823,0.258029,-0.929888,-0.0115714,-0.56448,-0.587006,-0.327666,0.104895,0.872058,1.66726,-1.39031,-0.489594,-0.590627,0.0149086,-0.248376,-0.83294,0.835419,2.10799,0.992188,-0.812411,0.917461,0.339968,-0.303916,0.864653,0.447912,0.0510115,1.27453,0.371824,1.15078,0.736791,0.24869,1.6842,-0.696576,-1.42581,-0.508832,0.951368,-1.56807,0.773758,-0.749001
-0.12731,-0.941174,0.407399,1.00068,-0.63916,0.182354,-0.300957,-0.0525731,-0.138658,-1.37516,0.419653,0.117517,1.08784,-0.543221,-0.0960225,0.967901,1.04349,-1.06582,1.67392,0.853768,-0.886488,-0.586634,-1.20035,0.455187,1.76828,0.479726,-0.27256,0.132877,-1.51554,-0.756877,-1.13641,1.137,-1.01851,-0.402388,0.924812,-0.799443,0.509481,-0.0698535,1.66669,-0.389706,-0.037375,0.0848218,0.362391,-1.26282,-1.62181,-0.862276,-0.035951,-1.92466,-1.82403,-0.75287,1.01817,-1.07048,0.0208653,-0.289602,-0.242152,-0.0820003,-0.00587614,-1.07816,-0.670435,-0.643717,-1.34636,0.682251,1.33695,-0.0762132,0.616263,-0.700982,-0.334056,-1.07451,-0.942666,-0.952149,-0.903576,0.512773,-0.586753,-0.268506,-0.682149,-0.678536,0.347614,-0.155535,-0.644012,-1.36514
0.659759,-0.678316,0.107535,-1.20262,-0.242067,0.243557,-0.306597,-1.63959,-1.481,0.216171,-0.218826,-0.371065,1.57636,-0.58184,-0.332032,-1.61887,0.837935,1.29167,0.246304,0.871537,0.977565,-0.209578,0.266135,0.179022,-0.984697,-0.730063,-0.474374,-0.0993813,0.908984,0.278214,-0.488315,-0.936728,0.0753572,0.935018,0.513202,-0.01582,-1.58922,-1.47166,-0.226251,-0.858098,0.0780128,-0.381893,-1.19266,0.398737,1.66145,-0.470393,0.86085,-0.975275,-1.87891,0.118568,0.296386,0.636514,-0.347023,-0.986887,-2.19998,0.766915,-1.30414,-2.29357,-0.135402,-0.674649,-0.161627,-0.00371426,-0.0495223,0.482665,0.983525,0.127173,0.140722,0.37911,0.235953,-0.836792,1.1271,-0.255247,0.466408,0.296119,-0.586856,0.0531841,0.234554,-0.698727,0.226803,-0.0895605
0.418764,-0.432852,-0.741785,-0.527779,-0.482575,-0.711128,0.702329,0.682895,-0.317919,-0.54828,-0.411949,-0.2369,-0.554795,-0.312866,-0.325712,0.22734,-0.415016,0.0673481,-0.880291,1.13217,-1.47289,-0.415895,1.05904,0.108149,-0.599176,0.495961,0.120215,1.14649,-0.663076,1.40087,2.97292,2.2005,1.13639e-05,-0.89008,0.0235212,-0.652621,0.0694468,-0.358896,0.24478,0.489931,1.69212,0.420639,-0.474924,1.60824,0.220168,-0.32839,0.00575478,-0.364094,-0.858468,0.0446841,-0.0416381,0.224456,-0.581557,0.341015,0.930925,2.28052,-1.32882,-0.560595,-1.27822,0.0400894,-0.976076,-1.10012,-0.614477,0.460187,-0.682553,0.198449,-0.655297,-0.673988,-1.52837,0.875418,0.0757675,-0.705552,0.731264,0.603151,-0.475561,0.00677328,0.0573183,0.31356,-0.0225495,-0.528178
-1.03784,-0.790854,-1.24571,-0.48054,-0.754102,-0.466461,-0.307377,-0.329915,-0.646035,0.498477,1.04949,0.128351,0.41499,-1.10313,0.634077,-0.773108,0.635512,-0.342403,0.175192,-0.274346,0.0155125,1.10111,0.381517,0.555301,-0.966864,0.283365,0.812501,-0.77574,-1.37055,-0.54974,1.07242,-1.21101,-0.269034,-0.158791,-0.058194,-0.203106,1.81273,-0.398029,0.201883,-1.57755,-1.76594,0.428408,-0.0887873,-0.84583,-0.609706,0.890596,0.0312665,-0.395507,-0.104939,-1.01668,-1.92093,-0.201645,-0.263858,0.882227,0.057961,-0.82358,-0.0885893,-0.986116,0.0100095,0.219102,-0.631811,-0.399907,-0.469673,0.771124,-0.508755,-0.779314,-0.819375,0.84507,-1.10546,1.63443,0.0157922,-0.0628323,0.0452159,0.14708,-0.555952,-0.999429,-0.568397,0.174786,2.24864,0.995182
-0.788222,0.215576,-0.170732,0.575264,0.776971,-0.643404,-0.592191,0.792846,0.97697,1.24509,-0.602017,0.291233,0.11581,-0.474487,0.581323,-0.463084,0.290327,-1.52222,0.777689,-0.562468,-0.819804,0.643125,-0.110547,-1.24978,-0.277375,0.871729,-0.28001,-0.415224,0.951357,2.3937,0.127118,0.770576,-0.572015,0.154773,0.259763,-0.0802463,-0.758834,-0.311789,0.71784,-0.596116,0.034255,-0.193186,0.00951071,1.05107,2.00466,0.384984,0.841724,-0.0420648,0.236762,1.18971,-0.226,-0.924332,-0.811132,0.865826,-1.17682,-1.65624,0.354743,-0.0158025,-1.12438,-0.289561,-1.3691,0.770127,1.82405,0.0564439,-0.781457,0.138407,1.09328,0.894422,-1.03327,-0.356642,-0.273826,0.414085,-1.08337,0.0934337,0.28288,0.835381,0.259467,0.0466742,1.14056,-0.547591
0.503882,0.878566,-1.04742,-0.853185,0.0772019,-0.161797,0.805309,0.507576,1.16442,0.353902,-0.594133,-0.0354607,-1.23319,0.389749,-0.0520829,0.637508,-0.498661,-0.124923,0.164058,-0.894246,-0.000929703,-1.56381,-0.557628,-1.01964,0.113455,0.402675,-0.0999215,0.491452,0.0205327,-0.898181,0.757784,-1.15711,-0.540997,-1.55392,0.835359,0.252961,0.166652,-0.0114172,1.1193,-1.43252,0.0534496,0.470054,-1.48377,-0.897635,1.20532,0.4233,0.426571,-0.12795,-1.20329,0.764092,0.596072,0.499219,-1.19935,-0.523817,0.489501,-0.266678,1.01853,1.09171,0.132626,0.0846262,-0.935087,-0.48106,-0.412828,1.97828,1.41847,-1.46574,0.297248,-0.605825,0.52393,-0.893528,1.12635,0.398201,0.131259,-0.0620051,-0.556968,-0.686065,-1.26952,-0.720393,-0.13349,0.598076
0.234151,0.791917,-0.206857,-1.33287,0.518182,0.243272,0.202721,-0.744447,-0.560705,0.247806,-1.30256,-0.490485,-0.46502,0.424909,0.673474,-1.71525,1.0971,-0.457639,-0.0533292,-0.765121,1.638,1.35027,0.289259,-0.956303,0.539085,-1.14106,0.373172,-1.01041,-1.41517,-0.488028,-0.314395,1.9615,0.681463,-1.40251,-0.0734485,-0.0614303,-0.585795,0.542618,0.891303,-0.262756,0.403231,-0.997329,-0.800117,-1.11807,0.00747534,-0.148777,-0.661015,0.292749,0.0918575,-0.806715,0.547217,0.587353,0.631577,-0.588471,0.305669,-0.37236,-1.03413,0.946523,-1.43355,-0.826643,-0.443723,-0.130198,0.342233,-0.857969,-0.672292,0.0230777,1.32623,-0.851391,-0.573127,-0.35078,-0.76354,-0.271994,0.731402,0.263784,-0.0445881,-0.388009,-0.167794,0.546173,0.400714,1.37934
0.348331,0.598284,-0.71667,-0.653663,-0.621286,-0.166125,-0.440029,-0.0340508,1.26482,-0.844065,-0.342033,-0.41654,0.251983,-0.274599,-1.0175,-0.989838,-0.860536,0.141344,-0.936989,-0.467852,-0.58182,-0.692813,-0.678115,0.167475,0.704008,0.676808,-0.312165,0.108535,0.221084,-0.389931,-1.02441,1.1766,-0.281743,-1.37896,-0.782481,-0.482955,-0.763574,1.54467,-0.386083,-0.215166,-0.823236,0.326395,-0.75003,0.21972,0.232374,1.24564,-0.047046,-1.73523,-0.869317,-0.316162,0.019799,-0.57059,0.443094,0.952642,-0.118116,0.586389,0.331591,-0.543259,0.441452,-0.136536,2.17399,1.2706,0.532761,1.09835,-0.843966,1.56156,-0.397819,0.722909,0.297513,-0.0471815,0.151858,0.689717,0.675083,0.130663,-0.758823,0.331969,0.593555,0.960884,1.29896,0.728279
0.566003,-0.824711,-0.0954515,-0.527625,0.39724,0.384769,-0.732711,-0.100734,-0.688721,-0.272345,-0.293299,-0.654148,-1.36385,-0.040793,0.267986,0.416791,-0.690799,0.457951,0.924393,-0.523802,0.0201613,0.324296,-0.315059,1.20792,-0.563669,-0.0837728,-0.488301,-0.520154,-0.57445,0.106535,-1.22071,-0.676304,-1.37726,-0.00335188,-0.337632,-0.19613,-0.636505,0.661766,0.139566,1.56189,0.448548,0.136087,-0.144569,0.53927,1.46346,-0.383359,-1.23956,-0.490477,-0.875096,-0.441411,-1.5939,-0.383843,-1.12876,-0.408043,1.40987,0.325345,-0.0302514,0.763868,0.593304,-2.35803,0.406051,-0.311297,1.25171,-0.107339,0.0720341,-0.143468,-0.646686,0.547459,-1.03571,0.247496,0.03823,-0.712897,-0.285323,-0.38542,1.66242,-0.403837,-1.22879,-0.59781,0.459996,-0.236333
-1.54163,0.456353,0.792224,-1.38018,0.229657,-0.240476,-0.0886207,-1.3651,0.63609,-0.593432,1.43261,0.899987,1.27692,-0.422037,-0.486322,0.13562,0.31427,1.27008,1.05232,-1.54916,0.00854169,-0.125912,-0.985581,0.0874307,-0.750529,0.340405,-0.547287,0.848689,-0.465872,0.543437,0.331804,-0.210298,1.29426,0.597588,-0.929603,0.924545,-0.659219,0.316185,0.587827,0.310161,1.05464,-0.0708389,-0.583857,-0.642739,-1.02861,-0.53114,-0.589224,0.506148,-0.643933,0.268656,0.0888414,-0.25957,-0.499438,0.0857708,1.40978,-0.157246,-0.129586,0.152806,0.137965,0.284718,-0.216741,-0.0829921,-0.109081,1.71602,-2.09975,-0.0796527,1.26265,0.723478,-0.107457,-0.561044,-0.100481,-0.518511,-0.254393,0.472338,-0.11764,0.347129,-0.151766,-0.102163,-0.117512,-0.862767
-0.254038,-1.00377,0.247883,-0.389076,0.870363,-1.47278,-0.371967,1.91851,-1.11318,-0.0339705,-0.557053,-0.776996,0.291843,0.28522,0.60819,0.544007,-0.893857,-0.162633,-0.272447,-1.10365,-0.614995,1.46515,-0.531371,-0.0500987,0.659048,0.802959,0.5906,0.400313,-0.888929,0.15433,-0.27348,-0.170938,-1.09628,0.19809,-0.946978,0.7557,-0.860256,0.320339,-0.306748,-0.71377,0.127865,1.00296,-0.924173,0.328353,-0.599738,0.502114,-0.3587,1.20657,-1.43699,-0.500895,0.697153,1.71753,0.567856,0.332961,-1.41232,-0.191866,-1.01452,-0.125584,0.179939,0.0207787,0.395725,0.604438,-1.25034,0.306047,-0.0517699,-0.301941,0.591317,0.753342,0.0694089,0.0455112,-0.205695,0.219539,-0.567614,-0.829096,0.450293,-1.21649,0.496409,0.115666,-0.98769,-0.512711
-0.179444,-0.702325,-0.248124,-0.0522603,-1.02661,-0.301756,-1.51609,0.605555,0.079398,0.688522,-0.679378,-1.0975,-0.675015,-0.815016,-0.281095,0.221691,-0.295166,0.794826,-0.0610462,-0.288818,1.07006,-0.159856,-0.19886,-0.573352,-0.911464,-1.08016,0.616938,-0.554051,0.0340652,0.534454,-0.0692825,0.821962,1.10665,-0.353689,1.58562,-0.733084,-1.43571,-0.728893,0.0451576,-0.23278,0.237982,-0.0970614,1.69618,-0.0854446,-1.63518,0.0495922,-0.155179,0.234995,-0.372241,0.533429,0.340041,0.0031471,-0.659571,1.28906,-0.215542,-0.472983,1.76584,-0.39218,0.0295366,0.510047,0.640873,0.358277,-0.0631755,0.854512,-0.22523,0.0586054,-0.337027,-0.506612,-0.382201,-0.612648,0.479319,-1.08605,1.07215,-0.680483,1.12585,-1.45959,-0.189488,-0.0565022,-0.0394901,-0.618905
0.484352,-0.362453,0.868588,0.187392,-1.60081,0.0628387,-0.0626106,0.524652,-0.236543,-0.179233,0.618585,-0.638924,1.35242,0.9081,0.176535,1.10011,0.685442,0.123249,0.129685,-0.534788,0.304576,-0.639672,0.470169,-0.867458,-0.317625,0.243827,-0.0731061,-0.55933,-0.164204,-0.144857,1.40481,1.34442,0.537295,0.375661,-0.49005,-0.338664,-1.33661,0.846147,-0.0594688,0.244506,0.606164,-0.923748,-0.658948,0.24175,0.329953,1.49753,0.963329,-0.326277,0.255212,-0.625956,-1.42291,-0.314733,-0.298395,-0.806229,0.04385,-1.27369,0.232463,0.18226,0.660027,-0.291419,0.583285,0.798283,-0.93886,-0.446962,0.956971,-0.287025,-0.214659,0.353927,-0.274689,-0.0206177,-1.22932,-0.146957,-0.456137,-0.47649,-1.10094,-0.0457941,-1.30098,-0.911853,-0.287457,0.0541257
1.15207,-0.145321,0.578474,-0.426993,0.230338,-0.0145662,-0.235488,0.178459,0.00698619,-0.0036288,0.452921,0.28098,-0.101218,0.145394,-0.162148,0.662209,0.595936,-0.233936,0.360761,-0.124855,1.03496,0.483896,-0.71095,-0.757616,0.453522,-0.230106,1.7675,-0.326764,-0.209386,-1.26541,-0.864778,-0.481929,0.654419,0.228376,-1.04284,-0.079212,-0.525072,-0.23017,0.406615,-0.126175,1.12838,2.0408,0.717987,0.984876,0.0895573,-0.82296,1.41731,-0.0309607,-0.690357,0.849273,0.191713,-0.375581,-0.440415,0.616019,0.672582,0.74652,0.245848,0.753759,-0.781793,0.619559,-0.23763,-0.452501,-0.278291,-0.704276,1.01004,0.850671,-0.0161188,1.27702,-0.274867,0.591227,-0.442252,0.288796,0.340673,0.359929,-1.00704,0.0915982,0.00213757,0.232412,1.63141,-0.40451
-0.564692,0.138224,0.399389,-0.413875,0.346116,-0.732135,-0.541614,0.377936,-1.33933,0.596353,-0.386744,0.241092,0.464523,0.251519,-0.680943,-0.236822,-0.462107,1.20476,-0.617946,-0.893636,0.368542,0.241452,-0.11408,0.225892,0.141855,-1.22621,-1.79,0.0514108,-0.5075,0.101828,0.0711235,0.828635,-1.0313,-0.0257807,0.53133,-0.215717,0.225281,0.253198,0.104718,-0.0752547,-1.05123,-0.0677066,0.798572,0.460976,-1.13404,0.12418,1.14354,-0.729504,-0.129008,0.943817,0.479335,0.405966,0.204154,0.176316,1.29152,0.0880976,-0.536504,0.0360784,-0.43449,0.96776,-0.152772,-0.644879,0.33959,0.396864,1.41773,0.442621,-0.078526,0.353505,-0.49473,0.0111704,0.0781495,0.865466,-1.8429,0.11005,0.39553,1.41907,-1.22519,-0.126,-0.0120124,0.870197
-0.00169879,1.83267,0.58264,-0.0863245,-0.224776,-0.906302,-0.328718,-0.716083,-0.727387,-0.425304,-0.192591,0.938383,-0.783239,0.643169,1.30474,0.321221,-0.015119,0.118307,-0.269143,1.07219,0.725974,-0.635855,-1.27496,0.232742,-0.383278,1.26171,0.295382,0.724344,0.677836,0.410338,0.0325418,-0.263733,-0.315571,-0.562136,-1.17908,-0.276919,-0.814664,0.308924,0.180208,-0.240072,-0.455992,-0.707866,1.07152,0.408646,-0.762678,-0.745466,-0.155327,-0.0306312,0.278011,-1.20572,-0.508806,0.313408,-0.294236,1.26641,-1.32679,0.158291,-0.554323,0.319,-0.233701,0.466627,0.176662,0.0331273,0.847209,-0.226858,0.115018,0.068511,0.146741,-0.313544,-0.599803,-0.0791646,0.910052,-0.38882,-0.594169,0.578472,-0.911909,-0.894247,-1.54526,-0.50485,-0.307078,0.462514
-0.589595,-0.424855,-0.505008,-0.0585233,-0.400742,0.27686,-0.342841,-0.725162,-0.0418847,1.15717,0.944469,-0.470997,-0.784557,0.870144,0.0601692,0.930901,0.352007,0.565633,0.466264,1.03519,-0.408735,-0.0275146,0.127807,0.00948742,0.130114,1.00701,0.0195622,-0.64688,1.5651,-0.0386726,0.554038,-0.1986,-0.742194,-0.280558,1.4123,0.705938,-1.18132,1.45836,0.331666,0.13107,-0.226492,0.275608,0.0541746,-1.17785,-0.162423,-0.263702,-0.306876,0.21714,-0.775174,0.0926933,0.700257,-0.769517,0.503737,0.746357,0.0209374,-0.32258,-0.993033,-0.323435,0.18968,-0.424136,0.188315,-1.41134,-1.06589,-0.255358,0.526411,0.93069,1.37456,-0.269506,-0.0761997,0.591576,-0.528032,-0.427518,-0.231785,-0.70195,0.0140238,0.530075,-0.110123,1.38396,0.64236,0.167267
-0.335053,-1.04951,-0.14725,1.15869,-0.592321,0.88091,0.850717,-0.39583,-0.526747,0.365618,-0.166074,-0.800388,0.32933,-0.328002,-0.94613,1.20613,0.191385,-0.759194,-0.481775,-0.765582,1.21074,-0.0942709,-0.703315,0.549655,0.626459,0.0102825,0.19056,1.55028,0.200797,0.980222,-0.361817,0.446528,-0.62233,-0.613332,0.191118,-0.0920786,-0.280558,-0.262451,-0.0716525,-0.396038,-1.1043,-0.593949,0.246697,0.18365,0.548452,-0.438803,-0.158866,0.0172918,-0.0794458,-1.03479,-0.0122365,0.834078,-0.222959,-0.584853,0.162384,0.200899,-0.174803,0.783154,0.129452,1.21822,-0.0302175,-0.0701698,0.783139,0.48763,0.195185,-0.641125,1.29589,1.15795,0.366396,1.12909,-0.34725,-1.21485,1.44996,0.258378,-0.14915,0.872129,-0.144686,0.0899064,0.420763,-0.304582
-0.959547,-0.339728,1.31763,-1.49015,0.267529,0.561384,0.263364,-0.0844324,-0.213999,-0.0677017,-0.717165,-0.411683,-0.666515,-0.44406,0.592941,-0.153564,0.3561,-1.10847,0.282887,0.418947,-0.0209839,-0.45272,1.07749,0.00180687,-0.248898,-0.821921,0.175628,1.3344,0.677505,-0.564717,0.101049,0.040182,-0.634942,1.13506,-0.722284,-1.0703,0.62878,0.631555,-0.712017,0.93377,-1.52308,-0.332543,0.00173375,0.645676,0.00492827,0.989974,-0.719832,0.443557,-0.911399,0.830903,0.833895,-0.477364,0.588141,0.412792,0.34199,-0.398845,0.772709,-0.17196,-0.568539,-0.24471,-0.0770705,-0.0673511,-0.346781,0.233227,0.311817,-0.114408,0.549958,0.0935505,0.0159814,-0.658811,-0.428541,-0.289085,0.338151,0.513788,-1.07675,-0.729741,-0.873944,0.411617,0.275224,-0.892707
-0.766282,0.550841,-0.491315,0.827966,1.08987,0.236743,-0.565564,0.44598,0.247829,-0.92179,0.539372,-0.369607,-0.0521823,-1.29649,1.34031,0.336291,1.17532,-0.271702,0.56969,-0.205891,0.144324,-0.743902,-0.511028,-0.722506,-0.135213,-0.722033,-0.282543,-0.38738,-1.40659,0.246882,0.406141,-0.0129621,-0.146649,0.144961,0.978242,0.0995318,-0.385205,0.836872,0.0680077,0.110677,-0.207068,1.41761,-0.15932,0.222687,0.0189523,0.820445,0.0298531,0.889965,0.31819,0.615377,-0.376115,0.225734,0.23136,-0.736394,-0.552497,0.951513,-0.54195,-0.777087,0.754724,0.0735485,0.841795,0.178643,0.67486,-0.284308,0.339557,0.827871,0.602099,-0.608266,0.349402,0.807587,0.831016,0.00332466,0.806651,1.2189,-0.118759,0.480165,-1.30463,0.220837,-0.398712,-0.301454
0.929857,-0.578984,-0.686293,-0.141419,0.262868,0.330736,0.00261602,0.786737,0.90795,-0.108514,-0.545621,0.192627,0.0515088,-1.03739,1.3536,-0.2398,0.412174,1.41779,-0.691413,0.398417,0.877358,0.349014,-0.822308,-0.144711,0.537429,0.916345,0.531631,0.551099,0.611052,0.105371,0.568968,-0.292021,-0.31248,1.00719,0.239491,0.353954,0.466564,0.462891,0.448559,0.844044,-0.0559306,-0.521637,0.843974,-0.83796,-0.13827,0.485536,0.871349,-0.750495,0.31682,-0.0120583,0.418523,0.234242,0.899501,-0.197197,-0.0502148,0.144831,-0.947864,0.340692,-0.689219,-0.565712,-0.889964,0.61691,-0.322663,0.890126,-0.67659,0.192726,-0.90324,0.797958,0.597889,-0.572454,-0.938336,0.140295,0.911764,-0.284463,0.757784,0.464116,-1.38061,-0.311263,0.143552,-0.317426
0.231078,-0.322396,-0.248303,0.0228416,1.05994,0.405608,-0.525921,-1.0173,0.346283,1.83593,-0.676989,0.449804,0.163858,0.438928,0.324976,1.05362,-0.0031172,-0.583727,0.905125,1.1392,0.516234,-0.663804,-0.835985,0.723314,0.626037,0.0441009,-0.613557,-0.0702988,-0.637739,0.213525,-0.14145,0.749153,0.273484,-0.609673,-0.314016,-0.718336,0.456037,-0.629494,-0.601928,0.0980975,0.572292,0.639839,-0.923674,0.223039,-0.173073,1.50816,0.676943,-0.00577187,-0.11808,-0.402089,0.0822886,0.692629,0.346159,1.13472,0.804466,-0.646835,-0.176629,-0.948366,0.341899,0.0222406,-0.240911,-0.79578,-0.29978,-0.470057,-0.841896,0.474599,-0.277282,0.633981,1.12495,-0.515522,0.133367,-0.685061,-0.0438044,0.197093,0.340687,-0.183201,-0.0456444,-1.14522,-0.149175,0.371612
0.102486,-0.621088,-0.720561,-1.12957,0.879913,-0.757046,-0.0758881,-0.234237,0.635366,-0.131079,-0.231559,-0.705114,0.726202,-0.166123,-0.515213,1.07266,0.593292,0.0103531,-0.346907,0.869701,-0.702298,0.0385938,-0.0712555,-0.954996,0.0969813,-0.0145341,-1.33971,-0.0584955,0.0601857,-0.0244206,-0.353322,-0.617713,0.50659,0.330739,-0.340398,-0.165521,-0.489444,-0.168967,0.347625,0.238563,-0.86978,-0.0658872,-0.408266,0.287947,0.0333453,-0.474544,-0.497564,0.346788,-0.275619,-0.970884,-1.1362,-1.06491,1.02998,0.0913471,-0.338437,0.706496,0.814902,0.581484,-1.07452,1.39267,-0.190678,-0.07025,-0.305305,-0.292442,0.15426,0.322857,0.539109,-0.586396,-0.357834,0.170779,-0.360821,0.836687,0.692744,-0.395867,1.09769,-0.109692,-0.263478,-1.38669,0.0298754,0.585547
-1.12488,0.298925,-0.0722027,-0.352224,-0.0800109,0.10819,1.35207,0.0248422,-1.15582,0.728153,0.767132,-0.0660813,-1.1676,0.123273,0.156311,-0.972346,0.52075,0.724895,-0.226292,-0.345504,-0.357705,-0.860235,-0.623972,-0.260779,0.981379,-0.0447394,0.0352993,0.0473677,0.168548,1.00437,-0.178876,-0.112026,-0.358561,0.128929,-0.545673,0.731503,0.240705,0.408128,0.861471,-0.096327,0.463417,0.228224,0.0810661,0.673143,-0.806064,0.600619,-0.152602,0.144281,-0.803263,0.243208,-0.428453,0.229457,0.239418,-0.756875,-0.105516,-0.651369,0.86616,-0.289199,-0.191249,0.155958,-0.2148,0.0128593,0.425018,-0.981225,-0.00601126,0.675012,-1.14078,-0.279383,-0.0136945,-0.0167567,0.192134,-0.337309,1.18713,-1.597,-0.463798,0.53751,0.510892,-1.0161,0.349426,-0.00562366
-0.16023,-0.0206177,0.246717,0.226431,0.874969,-1.19217,0.608449,0.16449,0.0954188,0.268846,0.18233,-1.1418,1.05256,-0.561274,-0.132471,-0.124232,-0.648691,-0.570436,-0.921195,0.0504985,0.705477,-0.524943,-1.76341,0.364428,-0.687936,-0.305556,1.33442,-0.163572,-0.76979,1.10958,0.575209,-0.239688,-0.179682,-0.195489,0.272208,0.936745,0.319879,0.0547411,-0.498625,0.347645,-0.192243,-0.807895,0.0930712,0.118893,0.138322,-0.449082,-0.220116,-0.700178,-0.642183,-0.182775,-0.00961051,-1.50533,0.007268,-0.0727484,0.475903,-0.587163,0.393356,0.157292,-0.199891,-0.850985,0.0852951,-0.577641,-1.0426,-1.01527,0.442242,0.282468,-0.0350125,-0.237734,0.596044,-0.769072,0.484993,0.246123,-0.154471,0.862536,-0.142694,0.0257419,0.145703,0.426689,-0.0869282,0.275419
-0.10165,0.745261,0.18781,0.589551,0.152102,-0.509481,-0.297895,-0.606732,-0.639769,0.613585,0.632202,0.24846,-0.661365,-0.0503554,0.211957,0.682978,0.595024,0.35391,-0.255137,0.371007,-0.3154,1.34485,0.484866,0.373241,-1.45877,-0.426011,-0.655087,-0.364773,-0.368672,-0.333101,0.387008,0.323881,-0.351156,-0.562069,-0.534654,0.347625,-0.355049,0.716512,0.392835,0.480594,-0.202261,0.344917,0.294935,-0.0138749,0.40605,0.307516,1.17324,-0.335409,-0.948383,-0.849967,0.418822,-0.160557,0.530712,0.0863566,-0.238493,-0.145405,1.03149,0.776391,-0.845056,-0.385269,-0.0289715,0.710538,0.128585,0.703138,0.0799303,-0.909985,-0.58519,-0.235199,1.52085,0.373631,0.164627,-0.110191,0.564261,0.81408,0.0718589,0.504994,0.979293,0.0506708,-0.393556,-0.727824
0.293671,0.0338882,0.249798,-0.557346,0.177645,-0.093576,-1.10794,0.57908,-0.792664,-0.667502,-0.0340317,-0.99064,-0.202021,0.751841,-0.586476,-0.196815,0.33988,0.518353,0.652813,0.900442,0.113548,-0.224203,-0.110031,-0.363358,0.234006,-0.0605472,0.142181,0.371243,0.521906,0.970791,-0.591844,-0.144795,-0.171452,-1.04833,-0.297904,-0.228853,0.420068,-0.836764,1.49,-0.125313,-0.297162,-0.00738926,0.174345,0.116065,-0.333481,0.501174,0.205129,0.881689,0.564277,0.165664,0.458421,-1.05426,0.224756,-0.122721,0.379173,0.405981,0.171535,-0.337643,0.789734,-0.882077,-0.201033,0.899315,-1.09249,-0.303542,-0.817084,-1.45027,0.143824,0.683376,0.126013,0.67973,0.441569,0.292746,0.131003,0.406899,-0.302333,0.940465,-0.248698,0.162396,-0.0859614,0.517754
0.466843,0.163777,-0.521296,-0.532326,0.876731,-0.413171,0.352232,0.470026,0.252724,0.340698,-0.426114,0.245432,0.805175,0.338143,-0.50721,-0.922172,0.844597,-0.64599,0.0246466,-0.889144,0.0673017,-0.505153,1.14804,0.936451,-0.36888,1.47612,-0.22022,-0.144059,0.150204,-1.30042,0.175923,0.869624,-0.664323,-0.410868,0.0931414,0.792917,0.19298,-0.159842,0.290417,0.0248759,0.00523024,0.45262,0.69721,0.2709,-0.707934,-0.738492,0.021377,0.582956,0.186407,-0.36318,0.0515395,-0.862569,-0.143031,-0.317764,-0.508982,0.0198399,0.745369,-0.634402,0.0708665,-0.215048,0.100925,0.0854954,-0.102537,-0.132917,0.441425,0.390337,0.115637,0.795257,0.249518,-0.232007,0.265284,-1.70857,0.188328,0.152523,0.478226,0.368961,-0.703813,-0.316822,-0.321886,-0.232435
-0.419761,0.479161,-0.375789,-0.511881,0.42429,-0.0412762,-0.240192,0.104392,-0.179841,-0.0584871,0.113434,0.22773,0.770117,0.100488,-1.1501,-0.492552,0.433029,-0.387843,0.0619198,0.0476942,-0.198001,0.466344,-0.934177,-0.104753,-0.374451,-0.145505,0.164362,0.74328,0.981019,0.284296,0.484351,0.478774,-0.18155,1.11751,0.694947,-0.809704,0.341913,0.956075,1.21353,0.722526,0.691418,0.717107,-0.619482,-0.545581,0.453219,-0.453653,-0.150839,-0.394985,0.453371,-0.412927,0.0660194,1.34015,0.118787,0.68863,-0.0318915,-0.215076,0.693174,-0.0987262,0.385724,0.242044,0.496424,-0.0835768,0.141195,-0.958805,0.682577,-0.875406,-0.674475,0.334099,0.0061453,0.0523401,-0.010821,0.0292613,0.282101,0.310418,0.452837,-0.717903,-0.172086,0.554907,0.0401513,0.375385
-0.26785,0.0654457,-0.138784,0.0496118,-0.128608,-0.301849,-0.862767,0.235743,1.02047,0.223517,-0.434758,0.477909,0.554931,-0.202279,-0.890729,-0.687733,-0.105894,-0.370844,-0.583773,0.198094,0.496671,-0.362133,0.00104244,0.158421,0.851929,0.0416252,-0.347835,-0.47414,-0.567892,0.112424,0.546881,-0.970911,0.0891723,0.955392,-0.692494,-0.172006,-0.899921,-0.418591,0.78711,0.152228,-0.642504,-0.0972829,0.44857,-0.0331093,0.281136,0.942673,0.395679,0.370442,-0.351032,-0.800837,0.642942,0.363518,-0.31662,-0.23425,0.29005,0.611279,0.255075,0.510704,-0.261094,-0.675113,0.137344,-0.79547,0.263897,-0.493139,-0.339857,-0.270954,-0.100109,-0.939263,0.213498,0.840906,0.230593,-0.896254,-0.692691,-0.98203,-0.642683,0.145822,-0.127742,0.613111,-0.0434514,-0.573848
-0.352149,0.402424,0.179169,-0.414118,-0.281108,0.559458,0.524807,0.338219,-0.0478402,-0.0819497,0.324661,0.545708,0.69568,0.147669,0.402086,0.121277,-1.1681,-0.349239,0.497787,0.42615,0.287291,0.121785,0.14531,0.0486504,0.113963,-0.103578,-0.461972,1.65801,-0.29057,0.131039,-0.0100463,0.236751,0.850541,-0.0094665,0.914648,0.536218,-0.692983,0.295677,-0.430855,-0.678285,0.230163,0.288357,0.865628,-0.185101,0.0111101,0.561005,0.0228178,1.0529,-0.382773,-0.478732,0.248672,-0.45284,0.0430878,-0.331418,-0.401487,0.490427,0.518516,-0.0553151,-0.509096,-1.22549,-0.137488,-0.193679,0.414551,-0.0394225,0.400619,0.00272337,-0.648306,0.442653,0.181568,0.465055,-0.439504,0.400708,-0.193597,0.160745,0.603571,-0.254513,0.159078,-0.179056,0.684001,1.06587
0.299026,0.43254,0.47815,-0.169275,-0.0930937,0.932403,0.572106,0.574802,0.106153,0.337549,0.599721,-0.517405,0.592877,0.175662,0.408316,0.0860358,0.00434959,-0.136928,-1.06507,-0.186345,0.613295,1.16115,0.0602372,0.351846,0.514822,0.244612,0.0849154,0.0822577,-0.0222794,-0.128479,-0.343195,0.358367,-0.113471,0.0610365,0.0493507,-1.00908,0.143827,0.107622,0.208204,0.449671,0.449596,0.436205,0.215253,-0.360688,0.478287,-0.241608,-0.601917,0.40442,-0.170414,-0.362235,-0.0125828,-0.261865,-0.613721,0.630802,-0.154047,-0.513024,0.233435,-0.984254,-0.214176,-0.00977925,0.266622,-0.46564,-0.408663,0.649628,-0.445093,-0.0973333,0.23094,-1.04821,0.0260482,0.336562,1.24845,0.890801,-0.208306,-0.320628,-0.122451,1.05791,-0.484711,-0.909369,0.191311,-0.540909
1.03542,0.285347,0.921854,-0.38614,0.471946,-0.31289,-0.358421,-0.357952,0.0448558,-0.616379,0.208503,-0.467639,0.556507,-0.313439,0.254229,-0.329293,-0.842533,0.163181,0.202929,0.268202,0.351259,-0.229956,0.841885,-1.27875,0.502062,0.540642,-0.259242,-0.0600369,-0.279123,0.5828,-0.608688,-0.0266824,-0.481064,-0.224564,0.319954,0.115199,0.637841,0.754117,-0.106807,0.010207,0.299204,-0.623249,-0.197728,0.0354649,-0.403773,-0.225993,0.640041,0.200529,-0.164836,0.0161696,-1.02766,0.438009,0.297901,0.346196,-0.114561,-0.489907,0.398568,-0.148386,0.271898,0.23372,-0.379956,-1.29246,0.463557,0.46682,0.248004,-0.29803,-0.186451,-0.105107,0.515433,0.530247,-0.0537839,-0.564745,0.322429,-0.0683188,0.101532,-0.00947765,0.353322,0.712108,0.11701,-0.59205
-1.08822,-0.0838608,0.888767,-0.443007,0.737136,0.518504,0.732155,0.0392932,-0.0563048,-0.353301,-0.16545,0.853493,0.00824401,0.178537,-0.0397806,0.07203,-0.631016,-0.12588,-0.480398,0.228996,-0.141398,-0.173304,-0.471053,-0.411513,-1.04216,0.303299,0.390301,-0.758679,0.160638,-0.495459,-0.399591,0.00974791,-0.904763,-0.31141,0.455426,-0.684496,-0.558528,-0.593212,0.241278,-0.989269,0.230361,-0.672081,-0.395666,-0.128688,-0.138374,0.410018,0.403304,0.176699,0.417595,-0.477224,-0.239694,-0.0385129,-0.307009,0.0501451,0.637712,0.577314,-0.250578,-0.341856,-0.25483,0.13839,0.0814107,0.53093,-0.290061,-0.295585,0.102255,0.17667,-0.234833,-0.178855,0.41548,0.21362,-0.45567,0.159175,0.408582,-0.283839,0.722573,0.221673,-0.287117,0.364518,0.28055,-0.94019
0.408556,0.233064,-0.963127,-0.308817,0.402699,0.198076,-0.666541,-0.21093,-0.306868,0.019632,0.80831,0.0114681,-0.523511,0.304272,0.220716,0.293722,0.139768,-0.105192,-0.682541,-0.243953,-0.232864,-0.214011,-0.419686,0.517928,0.09015,0.0915878,-0.37051,0.191887,-0.314925,0.205809,-0.603065,-0.0249016,1.20112,-0.186681,0.171435,-0.128951,0.304037,0.0456686,-0.0677706,0.108087,-0.252027,-0.747005,-0.736595,0.140027,-0.0713887,0.377886,0.0908999,0.485007,0.619132,-0.360345,0.393378,-0.0790074,-0.547681,-0.420541,-0.35773,-0.307779,0.193016,-0.311071,-1.06861,-0.062919,0.150775,-0.389681,-0.250644,0.0758824,0.773376,0.111818,-0.422566,0.957576,-0.765578,-0.202804,0.0792976,0.314459,0.055668,-0.221686,-0.0431554,0.0655247,-0.193962,1.04638,-0.329442,-1.24967
0.00136302,0.111548,-0.662113,-0.0670548,-0.261951,-0.564757,0.0517049,-0.00781565,0.0208981,0.934285,-0.146099,0.0615719,-0.280691,-0.673625,0.0544964,-0.239945,0.757248,-0.383325,-0.197987,0.784885,-0.280387,0.795904,-0.0487475,-0.122197,0.369764,0.0170289,0.227241,0.18794,-0.149817,-0.0190309,-0.492628,0.362391,0.189783,0.297937,0.0310808,-0.246814,-0.320241,0.550942,0.0600429,-0.685693,0.213998,-0.768586,-0.149862,0.46101,-0.531488,-0.291479,-0.64593,0.61086,-0.243436,0.351509,-0.623357,-0.237546,-0.792323,-0.224292,0.157894,0.917529,-0.205974,0.183188,1.00329,0.199259,0.338937,-0.269629,0.00159135,0.25487,0.165071,-0.653805,-0.538007,0.0774557,1.15003,-0.860799,-0.717064,0.147787,-0.697901,0.136403,-0.238247,0.530097,-0.228366,0.0560279,0.317171,-0.251316
0.299279,-0.523944,-0.237496,-0.43805,0.137202,-0.587552,0.0286086,-0.656409,0.491499,-0.739127,0.381933,-0.00335719,0.126293,0.936676,0.507893,-0.165529,-0.517432,-0.69662,-0.334242,0.409254,0.450625,0.484965,-0.103565,0.144046,-0.00197483,-1.1992,0.208714,-0.00902838,0.679237,-0.39227,0.217405,0.0727841,-0.131453,0.1329,0.59034,0.855526,0.0490412,0.364288,0.278488,-0.344201,-0.150694,0.631992,0.0682956,0.582903,-0.205646,0.679879,-0.302905,-0.460519,-0.0548839,0.128139,-0.258588,-0.335194,-0.857683,0.232244,0.055075,-0.175843,-0.398244,-0.170635,-0.228721,0.410723,-0.0256036,0.0967297,0.627696,-0.0569992,-0.489814,-0.513738,0.0192326,0.213318,0.107422,0.0710802,-0.180049,-0.219912,0.275501,-0.608258,-0.135444,0.429117,-0.136519,-0.0765443,-1.08623,-0.0139899
-0.235466,0.0509741,-0.244306,0.0252491,-0.230816,-0.192682,-0.397518,-0.0630254,0.665651,0.0542104,0.713862,0.339642,-0.483944,0.152379,-0.0343289,-0.470716,-0.436463,-0.295697,0.260863,-0.503692,0.0595507,-0.0964767,-0.310885,0.351899,0.214041,-0.819497,-0.0552923,-0.0713438,0.0750491,0.183702,-0.786328,0.450504,-0.420065,0.640137,0.520983,-0.00702995,0.514089,-0.126754,-0.229044,0.0896081,0.447706,-0.48491,-0.572545,0.445194,-0.0632789,-0.34907,0.402311,0.171557,-0.122784,-0.481263,0.00408714,-0.0221887,0.291779,0.671686,-0.755652,0.444278,0.114112,0.581808,0.219717,-0.365046,-0.607398,0.54451,-1.15294,0.48852,0.302945,0.389896,0.0862754,-0.58855,-0.208868,0.628702,-0.411986,-0.627275,0.00963995,0.28796,-0.343775,0.313163,-0.345876,-0.571705,0.0842309,0.151537
0.823658,-0.218093,-0.0426806,0.0113007,-0.254051,-0.564842,0.735833,-0.641884,-0.190196,0.193729,0.266946,-0.284579,-0.289005,0.0526162,0.316665,-0.0740201,0.265089,-0.963756,-0.597244,-0.300789,-0.611839,-0.652098,-0.110862,-0.967154,-0.438808,0.0333916,-0.13496,0.383189,-0.330596,-0.192562,-0.587099,0.0185242,0.434494,0.583672,-0.169216,0.445953,-0.496462,0.137115,0.0854719,0.155616,-0.457979,-0.095828,0.244994,-0.262686,-0.00417382,-0.0473159,0.344621,-0.0389537,0.121601,-0.00335516,0.886989,0.367308,0.145676,0.53489,0.670786,-0.154148,-0.472281,-0.57432,0.615655,-0.250701,-0.0785862,0.429676,-0.0759307,-0.0686118,-0.109634,-0.394039,-0.312586,-0.290465,-0.43042,0.427144,0.296889,-0.289318,-0.267732,0.167404,0.793891,0.256221,-0.00270183,-0.320958,0.493569,-0.107253
-0.0420452,-0.0840748,-0.488592,0.0585534,0.47221,0.775872,0.364293,0.501925,0.370623,0.228598,-0.0986393,0.323343,0.386166,0.285731,0.180476,0.453166,0.476534,0.698299,-0.431327,-0.231982,0.152206,-0.112581,-0.217538,-0.231781,-0.81637,0.00395704,0.258336,0.120322,-0.0772151,-0.371258,-0.747832,0.353755,-0.225973,0.323142,-0.0847929,-0.145122,-0.281815,0.184621,0.122293,0.121164,-0.215997,-0.285081,0.0334185,0.562225,-0.32052,0.559472,-0.00172432,-0.149853,-0.168199,0.155063,-0.155172,-0.278859,0.195836,0.198105,-0.336952,0.191992,-0.0165047,0.183468,0.649476,-0.201535,-0.63804,-0.776761,0.20056,0.0691398,-0.153881,-0.512307,-0.0284663,-0.0571898,-0.738408,0.0626493,0.273185,-0.123874,-0.0248128,0.0913216,-0.332557,-0.109962,0.868344,0.349722,-0.465506,0.52729
0.0985114,0.497621,-0.479485,0.503962,-0.0799992,-0.405997,-0.110588,0.102624,-0.434487,-0.248188,-0.395288,0.0346904,0.386259,0.662582,-0.191619,0.110625,0.279163,0.176292,0.410826,-0.52114,0.31429,2.0169e-05,-0.661429,-0.19759,-0.0779787,-0.161825,-0.410469,0.316302,0.199754,-0.586107,0.215181,0.00790244,0.0504132,-0.108398,0.0511334,-0.0665703,0.451656,0.0866237,-0.290023,-0.101626,-0.155538,-0.483635,0.273514,0.0402743,0.676511,0.00714189,-0.220538,0.516275,-0.390782,0.565016,-0.351666,-0.227104,0.195641,0.421961,0.134619,0.134908,-0.337443,-0.324417,-0.168787,-0.0681689,-0.114526,0.0352089,-0.116735,-0.143759,-0.278619,0.0762889,-0.3143,-0.386507,0.247993,0.210417,-0.201369,-0.107344,0.195885,-0.39828,0.0108939,-0.192438,0.156363,0.0649968,0.285039,-0.595418
0,0,-0,-0,-0,0,0,0,0,0,0,-0,-0,-0,-0,0,0,-0,0,-0,0,0,0,-0,0,-0,-0,0,-0,-0,0,-0,-0,-0,-0,-0,-0,0,-0,-0,-0,-0,0,-0,-0,0,0,-0,0,-0,0,0,-0,0,-0,0,-0,-0,-0,-0,0,-0,-0,-0,0,0,-0,0,0,-0,0,-0,0,-0,0,-0,0,-0,0,0
-0,-0,0,0,0,-0,-0,-0,0,0,-0,0,-0,-0,0,0,-0,0,-0,-0,-0,0,0,0,0,-0,-0,0,0,-0,0,-0,0,-0,0,0,0,0,0,0,0,-0,0,0,-0,-0,0,0,-0,0,-0,0,0,0,-0,0,0,-0,0,-0,0,0,0,-0,0,-0,0,0,-0,0,0,0,-0,0,0,0,-0,0,-0,-0
-0,0,0,-0,0,0,-0,0,-0,0,-0,0,-0,0,-0,0,0,-0,-0,-0,0,-0,-0,-0,0,-0,-0,-0,-0,-0,0,-0,0,0,0,0,-0,0,0,-0,-0,-0,0,0,0,-0,-0,-0,-0,-0,0,0,-0,0,-0,-0,0,0,0,0,0,0,-0,-0,-0,-0,-0,-0,0,0,-0,0,-0,0,0,0,-0,0,-0,-0
0,0,-0,0,-0,0,-0,-0,-0,-0,-0,-0,0,-0,0,0,0,0,-0,0,0,0,0,-0,-0,-0,0,-0,-0,0,-0,-0,-0,-0,0,0,0,0,-0,-0,0,0,-0,0,-0,0,0,0,0,-0,0,-0,-0,-0,-0,0,0,0,0,-0,0,0,-0,0,-0,-0,-0,0,-0,-0,0,-0,-0,-0,-0,0,-0,-0,0,-0
0,0,0,-0,-0,0,0,-0,0,-0,-0,-0,0,-0,0,-0,0,-0,-0,0,0,-0,-0,0,-0,0,0,-0,-0,0,0,-0,-0,0,0,0,-0,0,-0,0,0,-0,-0,0,-0,-0,-0,0,0,0,0,-0,0,0,-0,-0,-0,0,-0,-0,0,-0,0,0,0,-0,-0,0,0,0,-0,0,-0,-0,-0,0,0,-0,-0,-0
-0,-0,0,-0,-0,-0,-0,-0,-0,-0,-0,0,0,-0,0,-0,0,0,0,0,-0,0,0,-0,-0,0,-0,0,-0,-0,-0,0,0,-0,0,-0,0,0,-0,0,-0,0,0,0,-0,-0,0,-0,-0,0,0,0,-0,-0,0,-0,-0,-0,-0,0,-0,-0,-0,0,0,-0,-0,-0,-0,0,0,0,0,0,-0,-0,0,0,-0,-0
-0,-0,-0,0,-0,-0,0,-0,0,-0,0,0,0,-0,0,0,-0,-0,-0,0,0,0,0,-0,0,0,-0,0,0,-0,-0,-0,-0,-0,0,-0,-0,-0,0,0,0,-0,-0,0,0,-0,0,0,0,-0,0,-0,0,0,0,-0,0,0,0,-0,-0,-0,0,0,0,0,-0,0,-0,-0,0,-0,0,-0,-0,0,0,0,-0,0
0,-0,0,-0,-0,0,0,0,0,-0,0,0,-0,-0,-0,0,0,0,0,-0,0,-0,-0,0,0,-0,-0,-0,-0,0,0,-0,-0,-0,0,0,-0,0,-0,-0,0,0,0,-0,-0,0,-0,0,-0,-0,0,0,0,-0,-0,-0,-0,-0,0,-0,-0,0,0,-0,0,-0,-0,-0,0,0,0,0,-0,0,-0,-0,0,-0,0,-0
-0,0,-0,0,0,0,-0,0,-0,-0,0,0,0,0,0,-0,-0,-0,0,0,-0,-0,0,-0,0,-0,0,-0,-0,0,-0,0,-0,0,-0,-0,-0,0,0,-0,0,0,0,-0,-0,-0,-0,0,-0,-0,0,-0,0,0,-0,0,-0,0,-0,-0,0,0,0,0,-0,-0,0,0,0,-0,-0,-0,0,0,0,0,0,0,0,0
0,-0,0,0,0,-0,-0,0,-0,-0,-0,0,0,0,-0,0,-0,-0,-0,0,-0,-0,-0,0,-0,0,0,-0,0,-0,-0,0,0,0,0,0,-0,0,0,0,0,-0,0,-0,-0,-0,-0,-0,-0,0,0,0,-0,-0,-0,-0,-0,0,-0,0,0,-0,-0,0,-0,0,-0,0,-0,0,0,0,0,0,-0,-0,0,-0,0,-0
0,0,-0,-0,0,-0,0,-0,-0,-0,-0,0,-0,-0,-0,0,0,0,-0,-0,0,0,0,0,0,0,-0,0,0,0,-0,0,0,0,0,-0,-0,-0,-0,0,0,0,0,-0,-0,0,-0,-0,-0,0,-0,0,0,-0,0,-0,0,0,-0,0,-0,0,-0,0,0,0,-0,0,-0,0,-0,-0,-0,-0,0,0,-0,-0,-0,0
0,-0,0,0,-0,-0,0,-0,0,-0,0,-0,-0,-0,-0,-0,-0,-0,0,0,0,0,-0,-0,-0,0,-0,0,-0,-0,0,0,-0,-0,-0,0,-0,-0,0,0,0,-0,0,0,-0,0,-0,0,0,0,0,0,0,0,-0,-0,0,0,-0,0,-0,-0,-0,-0,-0,0,-0,0,-0,-0,0,0,0,0,0,0,-0,0,0,-0
0,0,-0,0,-0,-0,0,-0,-0,-0,-0,-0,0,0,0,0,0,-0,-0,0,-0,0,0,0,0,-0,-0,-0,-0,-0,-0,0,-0,0,-0,0,0,0,0,-0,0,-0,0,-0,0,0,-0,0,-0,0,0,0,-0,-0,0,-0,0,0,0,-0,0,0,-0,-0,0,0,0,0,-0,-0,-0,0,0,0,-0,0,0,0,-0,0
0,-0,0,0,0,0,-0,-0,-0,-0,-0,0,0,0,0,-0,0,0,-0,0,0,0,-0,-0,-0,-0,-0,-0,0,0,-0,0,0,-0,-0,-0,-0,-0,-0,0,-0,0,-0,-0,-0,0,-0,0,-0,-0,0,-0,0,-0,-0,-0,0,0,0,-0,0,0,0,-0,-0,-0,0,-0,0,0,-0,-0,-0,0,-0,-0,-0,-0,0,0
-0,0,0,-0,-0,0,-0,0,0,0,-0,-0,0,0,-0,0,0,-0,-0,0,-0,-0,-0,-0,0,-0,-0,-0,0,-0,-0,-0,-0,0,-0,0,-0,-0,-0,-0,0,0,0,0,-0,-0,0,-0,0,0,-0,0,-0,0,-0,-0,-0,0,-0,-0,-0,0,0,-0,0,-0,-0,0,-0,0,0,-0,0,-0,-0,0,-0,0,-0,-0
0,-0,0,0,0,-0,-0,0,0,0,0,0,0,0,-0,-0,0,0,-0,0,-0,-0,-0,0,-0,-0,-0,0,-0,-0,0,-0,0,0,-0,0,-0,-0,0,-0,0,-0,-0,-0,-0,-0,0,0,-0,0,-0,0,0,-0,-0,0,-0,-0,-0,-0,-0,-0,0,-0,0,0,0,-0,-0,-0,0,0,0,-0,-0,0,0,-0,0,0
-0,0,0,0,0,0,-0,-0,0,0,-0,0,0,0,-0,0,0,-0,-0,0,0,-0,-0,0,0,-0,0,0,-0,-0,0,0,-0,-0,-0,0,-0,0,-0,0,0,0,-0,0,-0,0,-0,0,-0,-0,-0,-0,0,-0,0,-0,-0,-0,0,0,-0,0,-0,-0,-0,0,-0,0,-0,0,-0,0,-0,0,0,-0,-0,0,0,-0
0,0,0,-0,-0,0,0,-0,-0,0,0,-0,-0,-0,-0,0,-0,-0,0,-0,-0,-0,-0,0,-0,0,-0,0,-0,-0,0,-0,-0,0,-0,-0,0,0,0,-0,0,0,0,0,-0,0,0,0,0,-0,-0,-0,0,-0,-0,0,0,0,0,-0,-0,0,0,0,0,-0,0,-0,0,0,-0,0,0,-0,-0,0,-0,0,-0,0
0,0,-0,-0,-0,-0,-0,-0,-0,0,-0,-0,-0,0,0,-0,-0,-0,-0,0,0,0,0,0,-0,0,-0,-0,-0,-0,0,0,-0,0,0,-0,0,-0,-0,-0,0,-0,0,-0,0,0,-0,-0,0,-0,0,-0,0,-0,-0,0,0,-0,-0,0,0,0,-0,0,-0,0,-0,0,-0,0,0,-0,-0,0,-0,-0,-0,0,-0,0
0,0,-0,-0,-0,0,0,-0,-0,-0,0,-0,-0,-0,-0,0,0,-0,-0,-0,-0,0,-0,-0,0,0,-0,-0,0,0,0,0,-0,0,0,0,0,-0,-0,0,0,0,0,0,-0,0,-0,0,-0,-0,-0,0,0,0,-0,0,0,-0,-0,-0,-0,-0,0,0,-0,-0,0,0,0,-0,-0,-0,-0,0,-0,-0,-0,0,0,0
-0,0,-0,-0,-0,-0,-0,0,-0,-0,-0,-0,-0,-0,-0,-0,-0,-0,0,0,-0,0,-0,0,-0,0,-0,-0,0,-0,-0,-0,0,0,-0,0,-0,0,-0,0,0,-0,0,-0,-0,0,-0,0,0,0,0,0,0,-0,0,0,0,-0,-0,0,-0,-0,-0,-0,-0,-0,0,0,0,0,0,-0,-0,0,-0,0,-0,-0,-0,0
-0,-0,-0,0,0,-0,-0,-0,0,-0,0,-0,-0,0,-0,-0,0,0,-0,-0,0,0,0,-0,-0,0,0,0,0,0,-0,0,0,0,-0,-0,0,0,-0,-0,-0,0,0,0,-0,0,0,-0,-0,-0,-0,-0,-0,-0,0,-0,-0,-0,0,0,-0,-0,0,-0,0,0,0,-0,-0,0,-0,0,-0,0,0,0,0,0,0,-0
0,-0,-0,0,-0,0,0,-0,0,0,-0,-0,0,-0,0,-0,-0,-0,-0,0,0,-0,0,-0,-0,0,0,-0,0,0,0,0,-0,-0,-0,-0,0,-0,0,0,0,-0,-0,0,0,0,0,0,-0,0,-0,-0,0,0,-0,-0,-0,-0,-0,0,0,0,-0,-0,0,-0,0,-0,0,-0,-0,-0,0,0,-0,-0,0,-0,0,0
0,0,-0,0,0,-0,0,-0,-0,0,0,0,0,-0,0,-0,0,0,0,-0,-0,0,0,-0,-0,-0,0,0,0,0,0,-0,-0,-0,0,-0,-0,0,0,0,0,0,-0,0,-0,0,-0,0,0,-0,-0,-0,0,-0,0,0,-0,0,0,0,0,-0,-0,-0,-0,0,0,0,-0,0,0,-0,-0,-0,0,-0,-0,-0,-0,-0
-0,-0,0,-0,-0,0,-0,0,0,-0,-0,-0,-0,0,-0,-0,0,-0,-0,-0,-0,-0,-0,-0,-0,-0,-0,-0,0,0,-0,-0,0,-0,0,0,0,0,-0,-0,0,-0,-0,-0,-0,-0,0,-0,-0,-0,0,-0,-0,0,0,-0,0,0,0,-0,0,-0,0,-0,-0,0,-0,0,-0,0,0,-0,0,0,-0,-0,-0,-0,-0,0
0,0,0,0,0,-0,-0,0,-0,0,0,0,-0,-0,-0,-0,-0,0,-0,-0,0,-0,-0,-0,-0,0,-0,0,0,-0,-0,-0,0,-0,-0,0,-0,0,0,0,0,-0,-0,0,0,0,-0,-0,0,0,0,-0,0,-0,0,-0,-0,-0,-0,0,-0,-0,0,-0,-0,-0,0,0,0,-0,-0,-0,0,0,-0,-0,0,-0,0,-0
0,-0,0,0,-0,0,-0,0,-0,0,-0,0,0,-0,0,-0,-0,0,-0,-0,-0,0,0,-0,-0,0,-0,0,0,-0,0,-0,0,-0,-0,-0,0,-0,-0,0,0,0,-0,-0,-0,-0,-0,0,-0,0,-0,0,0,0,0,0,0,-0,0,-0,0,0,0,-0,0,0,0,-0,-0,-0,-0,-0,0,-0,-0,0,0,0,-0,0
-0,-0,0,0,0,-0,0,-0,0,0,-0,0,0,0,-0,-0,-0,0,0,0,-0,0,0,0,-0,-0,-0,0,-0,0,-0,0,0,-0,-0,0,-0,-0,-0,-0,0,-0,0,-0,-0,0,-0,-0,0,0,-0,0,-0,0,-0,-0,-0,0,-0,-0,-0,0,-0,-0,0,-0,-0,-0,0,0,0,-0,0,0,-0,0,-0,0,0,-0
0,0,-0,0,0,0,0,-0,0,-0,0,-0,0,0,-0,-0,-0,-0,0,-0,0,-0,0,-0,0,0,0,-0,-0,0,0,0,0,0,-0,-0,0,0,-0,0,0,-0,0,0,-0,-0,-0,-0,0,0,-0,-0,0,0,0,0,0,-0,-0,-0,-0,0,0,-0,0,0,0,0,0,0,-0,0,-0,-0,-0,0,-0,-0,-0,-0
-0,-0,-0,-0,-0,0,-0,-0,-0,-0,-0,-0,-0,0,0,0,0,0,-0,-0,-0,-0,0,0,0,-0,0,0,0,-0,0,-0,0,0,-0,0,-0,-0,-0,-0,0,0,-0,-0,0,0,0,0,0,-0,-0,0,0,0,0,0,0,-0,0,-0,-0,-0,0,-0,0,0,0,0,0,-0,-0,0,-0,0,0,-0,0,-0,-0,-0
0,-0,0,-0,-0,0,0,-0,-0,0,-0,0,0,-0,-0,-0,-0,-0,-0,0,-0,-0,-0,0,-0,-0,0,-0,-0,-0,0,-0,-0,-0,0,0,0,0,0,-0,-0,-0,0,-0,0,0,-0,0,0,0,-0,0,-0,0,-0,-0,0,0,-0,0,-0,0,0,-0,-0,0,0,-0,-0,-0,0,-0,-0,0,0,0,0,-0,0,-0
-0,0,0,-0,-0,-0,-0,-0,-0,0,0,-0,0,-0,0,0,-0,-0,-0,-0,-0,-0,-0,-0,-0,-0,-0,-0,0,-0,0,0,-0,-0,0,-0,-0,-0,-0,0,-0,-0,-0,0,-0,-0,-0,-0,0,0,-0,0,0,-0,-0,-0,0,-0,0,-0,-0,-0,0,0,-0,-0,0,0,0,0,-0,0,-0,-0,0,-0,-0,-0,0,-0
-0,-0,-0,-0,-0,0,-0,-0,0,0,-0,-0,0,0,-0,0,0,-0,-0,-0,0,0,0,-0,-0,0,-0,0,0,0,0,0,0,-0,-0,0,0,0,-0,-0,0,0,-0,-0,-0,-0,0,0,0,0,0,-0,-0,0,-0,0,-0,-0,-0,-0,0,0,0,-0,0,-0,0,-0,-0,0,-0,-0,0,0,0,-0,-0,0,0,0
-0,-0,0,0,-0,0,0,-0,-0,-0,0,0,-0,0,-0,-0,-0,0,0,-0,0,-0,0,-0,-0,-0,-0,0,-0,0,-0,0,-0,0,0,-0,-0,0,-0,0,0,0,-0,-0,-0,-0,-0,0,-0,-0,-0,-0,-0,-0,0,-0,-0,0,-0,0,-0,0,0,-0,0,-0,-0,0,0,-0,0,0,-0,0,-0,-0,-0,0,-0,0
-0,0,-0,0,-0,-0,-0,0,0,-0,0,0,-0,0,0,0,0,0,-0,-0,0,0,0,0,-0,-0,0,-0,0,0,-0,-0,0,-0,0,-0,0,-0,-0,0,0,-0,0,0,0,0,-0,-0,-0,-0,0,-0,0,-0,-0,-0,-0,-0,-0,0,0,0,0,-0,0,0,-0,0,0,-0,0,-0,0,0,0,0,-0,-0,0,-0
-0,0,0,0,-0,0,-0,0,-0,-0,0,0,-0,-0,-0,0,0,0,0,0,0,-0,0,0,0,-0,0,0,-0,-0,-0,0,0,0,0,0,-0,-0,-0,0,-0,-0,-0,0,-0,-0,-0,-0,0,0,0,-0,-0,-0,-0,-0,0,-0,-0,0,0,-0,-0,-0,-0,-0,-0,-0,0,0,-0,-0,0,-0,0,0,0,0,-0,0
0,-0,-0,0,-0,0,0,-0,0,0,0,-0,0,-0,0,-0,-0,0,0,0,-0,-0,-0,-0,0,-0,-0,-0,-0,-0,0,-0,-0,-0,-0,-0,0,-0,-0,-0,0,-0,-0,-0,0,0,-0,-0,-0,0,0,-0,-0,0,-0,-0,0,0,-0,0,0,-0,0,-0,-0,-0,-0,0,0,0,0,-0,-0,-0,0,0,-0,-0,-0,-0
-0,0,-0,0,-0,-0,-0,-0,-0,-0,-0,0,0,-0,-0,0,-0,-0,0,0,-0,0,0,0,-0,-0,0,-0,-0,-0,0,-0,0,0,-0,-0,0,-0,-0,0,-0,0,0,-0,-0,0,0,0,0,0,0,-0,0,-0,-0,0,-0,0,0,0,0,-0,0,0,0,-0,-0,-0,-0,-0,0,-0,-0,-0,0,0,-0,-0,-0,-0
-0,-0,0,0,-0,-0,0,-0,-0,-0,-0,0,0,-0,0,0,0,-0,-0,-0,-0,0,-0,0,-0,-0,-0,-0,-0,-0,-0,-0,0,-0,0,-0,0,-0,-0,0,0,0,-0,-0,-0,-0,-0,0,0,-0,-0,-0,-0,0,-0,0,0,-0,-0,-0,-0,0,0,0,-0,0,-0,0,0,0,0,-0,-0,0,-0,0,0,0,-0,0
0,0,-0,-0,-0,0,-0,-0,0,0,-0,0,-0,-0,0,-0,0,-0,0,-0,-0,-0,-0,0,-0,0,-0,0,0,0,-0,-0,0,-0,0,-0,0,0,-0,0,0,-0,-0,-0,-0,0,-0,0,-0,0,0,-0,-0,-0,0,-0,-0,0,-0,-0,-0,0,-0,0,0,-0,0,-0,-0,0,0,0,0,-0,-0,0,0,-0,-0,0
-0,-0,-0,0,-0,0,0,0,-0,0,0,0,0,0,-0,-0,0,-0,0,-0,0,0,-0,-0,-0,0,0,0,-0,0,0,-0,-0,-0,-0,0,-0,0,-0,-0,-0,0,-0,0,0,-0,0,-0,0,0,-0,-0,0,-0,-0,-0,-0,-0,-0,0,0,-0,-0,0,0,0,-0,-0,-0,-0,-0,-0,-0,0,0,0,0,-0,-0,0
-0,0,-0,0,0,0,0,-0,-0,-0,-0,-0,0,0,0,-0,-0,-0,0,-0,-0,-0,0,-0,-0,-0,0,0,-0,0,0,0,0,-0,0,0,0,0,0,-0,-0,-0,0,-0,0,-0,0,-0,0,0,0,0,0,-0,-0,0,0,0,-0,0,-0,0,-0,0,-0,-0,-0,-0,0,-0,0,-0,-0,-0,0,0,-0,-0,0,0
-0,0,-0,0,-0,0,0,0,0,0,-0,-0,-0,-0,0,-0,-0,-0,0,0,-0,0,-0,-0,0,-0,-0,-0,-0,-0,-0,-0,0,-0,0,-0,0,-0,0,-0,0,0,0,-0,-0,-0,-0,0,-0,0,-0,-0,0,0,0,-0,0,0,0,0,-0,0,0,-0,0,0,-0,0,0,0,0,-0,0,-0,-0,-0,-0,0,-0,0
0,0,-0,-0,0,-0,-0,0,0,0,-0,0,-0,-0,-0,0,-0,0,-0,-0,-0,0,0,-0,-0,-0,0,0,0,0,0,-0,0,-0,-0,-0,0,-0,-0,0,0,0,-0,-0,0,0,-0,0,-0,0,0,-0,0,0,0,-0,-0,0,0,0,-0,0,0,0,0,0,-0,-0,-0,-0,-0,0,0,0,-0,0,-0,0,0,0
0,-0,0,-0,0,-0,-0,0,-0,0,0,-0,0,-0,-0,-0,-0,-0,0,-0,-0,0,-0,-0,-0,0,0,0,0,0,0,-0,-0,-0,0,-0,-0,0,0,-0,0,-0,0,0,0,0,0,0,-0,-0,-0,-0,-0,-0,-0,-0,-0,0,0,0,-0,-0,-0,0,0,0,-0,0,-0,-0,0,-0,-0,0,0,0,-0,-0,-0,-0
0,0,0,0,-0,-0,-0,-0,-0,0,-0,-0,-0,-0,0,-0,0,0,0,-0,-0,-0,-0,0,-0,0,0,-0,-0,-0,-0,0,-0,0,0,0,-0,-0,0,0,-0,0,-0,-0,0,-0,-0,0,-0,-0,-0,-0,-0,0,-0,-0,-0,-0,-0,0,-0,0,0,-0,0,-0,-0,0,0,0,-0,0,-0,0,-0,0,-0,-0,-0,0
0,-0,-0,0,-0,-0,-0,0,0,-0,-0,-0,-0,0,0,-0,0,-0,-0,0,0,-0,-0,-0,-0,-0,-0,0,-0,-0,-0,-0,-0,0,0,-0,-0,0,-0,0,0,-0,0,-0,-0,-0,0,0,0,0,-0,0,0,0,-0,-0,0,0,-0,-0,0,-0,-0,-0,0,-0,0,0,0,0,0,0,0,0,0,0,-0,0,-0,0
-0,0,-0,0,-0,0,-0,-0,-0,-0,0,0,-0,0,0,-0,0,-0,0,0,0,-0,-0,-0,-0,0,0,0,-0,0,-0,-0,0,-0,-0,0,0,0,0,0,-0,0,-0,-0,0,0,-0,-0,-0,-0,-0,-0,-0,0,0,0,0,-0,0,0,-0,-0,-0,0,0,0,-0,0,-0,0,-0,0,0,0,0,-0,-0,-0,-0,-0
0,-0,0,0,0,-0,0,-0,-0,0,0,-0,0,-0,0,0,-0,0,0,-0,0,0,0,0,-0,0,-0,-0,0,0,0,0,0,-0,-0,-0,0,0,0,-0,-0,0,-0,0,-0,-0,-0,0,0,0,0,0,0,0,0,0,0,0,0,-0,0,-0,0,-0,0,0,-0,0,0,-0,0,-0,-0,0,0,0,0,-0,0,-0
-0,-0,0,-0,-0,0,0,-0,0,-0,-0,0,-0,0,-0,-0,0,-0,0,0,-0,0,-0,0,0,0,-0,0,-0,0,-0,-0,-0,0,-0,-0,0,0,-0,0,-0,0,0,0,0,0,0,0,-0,0,0,-0,0,-0,-0,-0,-0,-0,-0,0,-0,0,0,-0,0,-0,0,0,0,-0,0,-0,0,-0,0,0,0,0,0,0
-0,-0,0,-0,0,0,-0,-0,-0,-0,0,-0,0,-0,0,-0,-0,0,-0,-0,0,0,-0,-0,0,-0,-0,0,0,-0,0,0,0,-0,0,-0,-0,0,-0,-0,-0,0,-0,0,-0,-0,-0,-0,0,-0,0,-0,0,0,-0,-0,0,0,0,0,-0,0,-0,-0,0,-0,-0,-0,-0,-0,-0,-0,0,-0,0,0,0,-0,0,-0
-0,0,-0,-0,0,0,-0,-0,0,0,-0,0,-0,0,-0,0,-0,-0,-0,-0,0,0,0,-0,-0,-0,-0,-0,-0,0,-0,-0,-0,-0,-0,0,-0,0,0,0,0,0,0,0,-0,-0,-0,-0,-0,-0,-0,-0,0,0,-0,0,-0,-0,-0,-0,0,0,0,-0,0,-0,-0,0,0,-0,-0,0,0,-0,0,-0,-0,-0,0,-0
0,0,0,0,0,-0,0,0,0,-0,-0,0,-0,-0,-0,0,0,-0,0,-0,0,0,-0,-0,0,0,0,-0,0,-0,0,-0,-0,-0,-0,-0,0,0,0,0,0,-0,-0,-0,-0,0,0,-0,0,0,0,-0,0,-0,-0,-0,-0,0,-0,0,-0,-0,-0,0,-0,-0,0,0,-0,0,-0,0,-0,0,0,0,-0,-0,-0,0
-0,-0,-0,0,-0,0,-0,0,-0,-0,-0,0,0,0,0,-0,0,-0,-0,0,0,-0,-0,0,-0,0,0,0,-0,-0,-0,-0,-0,0,-0,-0,0,0,-0,-0,0,0,-0,0,-0,-0,0,-0,-0,-0,0,-0,0,-0,0,0,0,0,-0,0,-0,-0,-0,0,0,0,0,0,0,-0,0,0,-0,-0,0,0,0,0,0,0
-0,0,-0,0,-0,0,-0,-0,-0,-0,0,-0,0,-0,-0,-0,0,-0,-0,-0,-0,-0,0,0,-0,0,0,-0,0,0,-0,-0,0,-0,0,0,-0,0,-0,-0,0,-0,-0,0,0,0,0,0,-0,0,0,-0,0,0,0,-0,-0,0,-0,-0,-0,0,0,-0,-0,0,-0,0,0,-0,0,-0,-0,0,-0,0,-0,0,-0,0
0,0,-0,-0,-0,0,-0,0,0,0,-0,-0,-0,0,0,0,-0,0,-0,-0,-0,-0,-0,-0,-0,-0,0,-0,0,0,0,-0,0,0,-0,-0,0,0,0,-0,0,-0,0,0,-0,-0,-0,0,0,0,-0,0,0,0,0,0,0,-0,-0,0,0,-0,0,0,-0,0,0,0,0,0,-0,-0,-0,0,-0,0,-0,0,0,-0
-0,-0,0,0,0,0,-0,-0,-0,0,0,0,0,0,0,0,0,0,-0,-0,-0,0,0,-0,0,0,0,-0,-0,-0,0,0,0,-0,-0,-0,-0,0,-0,0,-0,-0,-0,-0,0,-0,-0,-0,-0,0,0,0,-0,-0,-0,0,-0,0,0,-0,-0,0,-0,0,0,0,-0,-0,0,0,0,-0,0,-0,0,0,-0,0,-0,0
0,0,-0,0,0,-0,-0,0,0,-0,-0,0,0,-0,0,0,-0,0,-0,0,-0,-0,-0,0,0,-0,-0,0,0,0,0,0,0,0,-0,-0,-0,0,0,-0,-0,0,-0,-0,-0,-0,-0,0,-0,-0,0,-0,-0,0,0,-0,-0,-0,0,-0,-0,0,-0,0,0,0,0,0,0,-0,0,-0,0,0,0,-0,0,0,-0,-0
-0,-0,0,0,-0,-0,-0,0,-0,-0,0,0,-0,-0,0,0,0,-0,-0,-0,-0,-0,-0,-0,-0,0,-0,-0,0,0,0,-0,0,0,-0,-0,0,0,-0,-0,-0,0,-0,-0,0,-0,-0,0,0,0,-0,-0,-0,-0,-0,0,-0,0,-0,-0,-0,-0,-0,-0,-0,-0,-0,0,0,0,0,-0,0,0,0,0,-0,-0,-0,0
0,-0,-0,0,0,0,-0,0,-0,0,0,0,0,0,-0,-0,-0,0,0,-0,0,0,-0,-0,0,0,0,0,-0,-0,0,-0,0,-0,0,-0,0,-0,0,-0,-0,0,-0,0,-0,0,0,0,0,-0,0,-0,0,0,0,-0,0,0,0,0,0,0,0,-0,-0,-0,0,-0,0,-0,-0,0,-0,-0,0,0,0,-0,0,-0
-0,-0,0,0,-0,-0,-0,0,0,-0,0,-0,-0,0,0,-0,0,-0,0,0,0,-0,-0,0,-0,0,-0,0,0,-0,0,-0,-0,-0,-0,-0,-0,-0,-0,0,0,-0,0,0,-0,-0,-0,-0,0,-0,-0,0,-0,-0,0,-0,0,-0,0,0,-0,0,0,0,0,-0,0,-0,0,-0,-0,0,0,0,-0,0,0,0,0,0
0,-0,0,-0,-0,0,0,-0,-0,0,0,0,0,0,-0,-0,-0,0,0,0,-0,0,-0,-0,0,0,0,0,-0,-0,0,0,0,-0,-0,0,0,0,0,0,-0,-0,0,-0,-0,-0,-0,0,0,0,0,-0,-0,0,0,0,-0,0,-0,-0,0,0,0,-0,0,0,0,-0,0,-0,0,-0,0,0,-0,-0,-0,0,-0,-0
-0,0,0,0,0,0,-0,0,-0,0,0,-0,-0,0,0,-0,-0,-0,0,0,-0,-0,-0,0,0,0,-0,0,-0,-0,0,-0,0,-0,0,0,0,-0,0,0,-0,-0,-0,0,0,0,0,-0,-0,-0,-0,0,-0,0,0,0,-0,-0,0,0,0,0,0,0,0,0,0,-0,-0,-0,-0,0,0,0,0,0,0,0,-0,0
0,0,0,0,-0,0,0,0,0,-0,-0,0,0,0,-0,-0,0,0,0,0,0,0,0,0,0,0,-0,-0,0,0,-0,0,0,-0,0,0,-0,0,-0,0,-0,-0,-0,-0,-0,-0,0,0,0,-0,0,-0,0,0,0,0,-0,0,-0,0,-0,-0,0,-0,-0,-0,-0,0,-0,-0,-0,-0,-0,0,-0,0,-0,-0,0,-0
-0,-0,-0,0,-0,0,0,-0,0,-0,-0,0,0,-0,0,-0,-0,0,0,0,-0,-0,-0,-0,-0,-0,-0,-0,-0,0,-0,-0,-0,-0,0,0,0,0,-0,0,0,0,0,-0,0,-0,0,0,0,0,0,-0,-0,-0,-0,0,0,-0,0,0,0,0,-0,0,-0,-0,0,0,-0,-0,0,-0,-0,-0,0,0,0,0,-0,-0
-0,0,0,-0,-0,-0,0,0,-0,0,-0,-0,0,-0,-0,0,-0,-0,-0,-0,0,-0,-0,-0,-0,-0,-0,-0,0,-0,0,-0,-0,0,-0,0,-0,-0,-0,0,0,-0,-0,0,-0,0,-0,-0,-0,-0,0,-0,-0,-0,-0,0,0,-0,0,-0,-0,-0,0,0,0,-0,0,0,0,0,0,0,-0,0,0,0,-0,0,-0,-0
0,0,0,0,-0,-0,-0,0,-0,-0,0,-0,-0,0,0,-0,-0,-0,0,-0,-0,-0,0,0,0,0,-0,-0,0,-0,0,0,-0,-0,-0,-0,-0,-0,0,-0,0,0,-0,0,0,0,-0,-0,-0,-0,-0,0,0,-0,-0,0,-0,0,0,-0,-0,-0,0,0,0,-0,-0,0,0,0,0,-0,-0,0,0,0,0,-0,0,-0
0,-0,-0,-0,0,0,-0,0,0,0,0,0,0,0,0,-0,0,0,0,0,-0,-0,-0,-0,0,0,0,0,0,0,0,0,-0,-0,-0,0,-0,-0,0,-0,0,-0,-0,-0,0,0,-0,0,0,-0,0,-0,0,0,0,-0,-0,-0,0,0,0,0,0,0,0,-0,-0,0,-0,-0,-0,0,-0,0,-0,-0,0,-0,0,-0
0,0,0,-0,-0,0,-0,0,-0,-0,0,0,0,-0,-0,-0,0,-0,-0,0,-0,0,-0,0,0,-0,-0,-0,-0,-0,-0,-0,-0,-0,0,0,-0,0,0,0,-0,-0,0,-0,0,-0,0,-0,-0,0,-0,-0,0,0,-0,0,0,-0,0,0,0,-0,-0,0,-0,0,-0,-0,0,0,0,-0,-0,0,-0,-0,-0,-0,0,0
0,0,-0,-0,0,0,-0,0,0,0,0,0,-0,-0,-0,0,-0,-0,0,0,0,0,0,0,-0,-0,0,0,0,-0,0,0,-0,0,-0,-0,-0,-0,-0,-0,-0,-0,-0,-0,0,-0,-0,0,-0,-0,0,0,-0,-0,0,-0,0,-0,0,0,-0,-0,0,-0,-0,0,-0,0,-0,0,-0,-0,-0,-0,-0,0,0,-0,-0,-0
0,-0,0,0,-0,-0,0,0,0,0,-0,0,-0,0,-0,0,-0,0,-0,0,0,0,0,-0,-0,-0,0,-0,-0,0,-0,-0,0,-0,0,-0,0,0,0,0,0,0,-0,0,0,0,-0,-0,-0,-0,-0,0,-0,-0,-0,-0,-0,-0,-0,0,0,-0,-0,0,-0,0,-0,0,0,0,-0,-0,-0,0,0,0,0,-0,-0,0
0,0,0,0,0,0,0,0,0,0,0,0,-0,-0,0,-0,-0,0,-0,-0,-0,0,-0,-0,0,-0,0,-0,0,-0,0,0,0,-0,0,0,0,0,-0,0,-0,0,-0,0,-0,0,0,0,-0,-0,-0,0,-0,0,-0,0,0,0,0,0,-0,-0,0,-0,-0,0,-0,0,-0,0,0,-0,-0,0,-0,-0,-0,-0,0,-0
-0,0,-0,0,0,-0,0,-0,0,0,0,-0,0,0,0,-0,0,0,-0,0,0,-0,0,0,-0,0,0,-0,0,-0,-0,-0,0,0,0,-0,0,0,0,0,0,0,0,0,0,-0,0,0,-0,-0,-0,0,-0,0,0,-0,0,0,-0,-0,0,0,-0,0,-0,-0,0,0,-0,0,-0,0,0,-0,0,0,0,0,0,0
-0,0,0,-0,-0,0,0,0,-0,0,-0,0,0,-0,0,-0,-0,-0,0,-0,0,0,0,-0,0,-0,-0,0,0,0,-0,0,0,0,-0,-0,0,-0,-0,-0,-0,0,0,-0,0,0,0,-0,-0,0,-0,-0,-0,0,-0,0,-0,0,0,-0,0,-0,-0,0,-0,0,-0,0,-0,0,-0,-0,0,0,0,0,0,0,-0,-0
0,0,-0,0,-0,0,-0,-0,0,-0,0,-0,0,0,-0,-0,-0,-0,-0,-0,-0,-0,-0,0,-0,0,-0,0,-0,-0,0,0,-0,0,-0,-0,0,-0,-0,-0,0,0,0,-0,-0,0,0,0,-0,0,-0,0,-0,0,-0,-0,-0,0,0,-0,0,-0,-0,-0,0,-0,0,0,0,-0,-0,-0,-0,-0,0,0,-0,-0,-0,0
-0,0,0,0,0,-0,0,-0,0,-0,0,0,0,0,-0,0,0,0,-0,-0,0,-0,0,-0,0,-0,0,-0,0,0,-0,0,-0,-0,-0,-0,0,0,-0,-0,-0,0,0,-0,-0,-0,0,-0,-0,-0,0,0,-0,0,-0,0,-0,-0,-0,-0,0,-0,-0,0,0,-0,0,-0,0,-0,-0,0,-0,-0,-0,-0,0,-0,-0,-0
-0,-0,0,-0,0,-0,0,0,-0,0,-0,-0,-0,-0,-0,0,-0,0,0,0,-0,0,-0,-0,0,-0,-0,0,0,-0,0,-0,0,-0,-0,-0,0,-0,-0,-0,-0,-0,-0,-0,0,-0,0,-0,-0,-0,0,-0,-0,0,-0,-0,-0,-0,0,-0,-0,-0,0,-0,-0,-0,0,0,-0,-0,-0,-0,-0,-0,-0,0,-0,-0,-0,-0
-0,0,-0,0,-0,-0,0,-0,-0,0,-0,0,0,0,0,-0,0,-0,-0,-0,0,0,0,0,-0,0,-0,-0,-0,0,0,-0,0,-0,0,-0,0,0,-0,-0,0,-0,-0,-0,-0,0,0,-0,0,-0,-0,-0,-0,0,-0,-0,0,-0,0,-0,-0,-0,0,-0,-0,-0,-0,-0,-0,0,-0,0,0,0,-0,0,0,-0,0,0
-0,0,-0,0,-0,-0,-0,-0,-0,-0,-0,0,-0,-0,-0,0,0,0,-0,0,0,-0,-0,-0,0,0,-0,0,0,-0,-0,0,-0,0,-0,0,-0,-0,-0,0,0,0,-0,-0,-0,0,0,0,0,-0,0,-0,0,0,-0,-0,0,0,0,0,0,-0,-0,-0,-0,0,-0,-0,-0,0,-0,0,0,0,0,0,-0,0,-0,0
0,-0,0,0,0,0,0,-0,0,-0,-0,-0,-0,-0,-0,-0,-0,0,-0,-0,0,-0,0,0,-0,0,-0,0,-0,0,0,0,0,0,0,-0,0,-0,0,-0,-0,0,-0,0,0,0,-0,0,-0,0,0,-0,-0,0,0,0,0,-0,0,0,0,0,-0,-0,0,0,0,-0,0,0,-0,0,-0,0,0,-0,0,0,-0,0
0,0,-0,0,0,0,-0,0,-0,0,0,-0,0,-0,-0,0,-0,0,0,-0,-0,-0,0,0,0,0,-0,-0,0,-0,-0,-0,-0,0,0,-0,-0,0,-0,0,0,0,0,-0,-0,0,-0,-0,0,-0,-0,0,0,0,0,0,-0,0,-0,-0,0,-0,-0,-0,-0,-0,-0,0,-0,-0,0,0,0,0,-0,0,-0,-0,-0,-0
0,-0,-0,0,0,-0,-0,-0,0,0,0,0,0,0,0,0,-0,0,-0,0,0,-0,0,0,0,-0,-0,0,-0,0,-0,-0,-0,0,-0,-0,0,0,0,0,0,0,0,-0,0,-0,0,0,0,0,0,-0,-0,-0,-0,0,-0,-0,0,0,-0,0,0,-0,-0,0,-0,-0,0,-0,0,-0,-0,-0,-0,-0,-0,0,0,0
-0,-0,0,0,0,-0,-0,-0,0,-0,0,0,-0,-0,-0,-0,-0,-0,-0,-0,0,0,0,-0,-0,-0,-0,0,0,0,0,-0,0,-0,0,-0,-0,-0,0,0,-0,-0,-0,0,-0,0,-0,-0,0,-0,-0,-0,0,-0,-0,-0,-0,-0,0,-0,0,-0,-0,0,0,0,0,0,-0,-0,-0,-0,0,-0,-0,0,0,-0,0,-0
-0,-0,-0,0,-0,0,-0,-0,0,-0,0,-0,0,-0,-0,-0,0,0,0,-0,0,-0,0,-0,0,-0,-0,-0,0,-0,0,-0,-0,-0,-0,0,0,-0,0,-0,0,-0,-0,0,-0,0,-0,-0,-0,-0,0,0,-0,0,-0,-0,-0,-0,-0,-0,0,-0,-0,0,0,0,0,-0,0,-0,-0,0,-0,0,0,-0,0,-0,0,0
0,0,-0,0,0,0,0,-0,0,0,-0,0,0,-0,0,-0,0,0,-0,0,-0,0,-0,-0,-0,-0,-0,0,0,0,0,0,-0,0,-0,0,-0,0,-0,-0,0,0,0,0,0,-0,0,0,0,-0,0,0,-0,-0,0,-0,-0,0,-0,0,-0,-0,-0,0,0,-0,-0,0,-0,0,-0,0,0,-0,-0,-0,0,0,0,-0
-0,-0,-0,0,0,-0,-0,-0,0,-0,-0,-0,0,-0,-0,0,-0,-0,-0,0,0,-0,-0,0,0,0,-0,-0,-0,-0,-0,-0,0,-0,0,-0,-0,0,-0,-0,-0,0,-0,0,-0,-0,-0,0,0,0,0,0,0,-0,0,0,-0,-0,-0,-0,-0,0,0,0,0,-0,-0,-0,-0,-0,-0,-0,0,0,-0,-0,-0,0,-0,0
0,-0,0,0,-0,0,0,0,-0,0,0,-0,-0,-0,-0,-0,-0,-0,0,0,-0,0,-0,-0,0,-0,-0,0,-0,-0,0,0,-0,0,0,0,-0,-0,0,-0,-0,0,0,-0,0,0,0,-0,-0,-0,-0,-0,-0,-0,-0,0,-0,0,-0,0,0,0,-0,0,-0,-0,0,0,-0,-0,-0,0,-0,0,-0,-0,-0,0,-0,-0
-0,-0,-0,0,0,0,-0,-0,-0,-0,-0,-0,-0,0,-0,0,-0,0,0,0,0,-0,0,0,-0,0,-0,0,-0,-0,0,-0,-0,-0,0,0,-0,-0,-0,0,0,0,-0,-0,0,0,0,-0,0,0,-0,-0,-0,0,-0,-0,-0,0,0,-0,0,-0,-0,0,0,-0,-0,-0,-0,-0,-0,0,0,-0,-0,0,-0,0,0,-0
0,-0,0,-0,0,0,0,-0,-0,-0,-0,0,0,-0,-0,-0,-0,-0,0,-0,-0,0,-0,0,0,-0,-0,0,-0,-0,0,-0,-0,-0,0,-0,-0,0,0,-0,-0,-0,0,0,-0,0,-0,-0,0,-0,0,-0,-0,-0,0,-0,0,-0,0,0,-0,-0,-0,0,-0,0,0,-0,-0,0,-0,0,0,0,-0,0,0,-0,0,-0
-0,-0,0,0,-0,0,-0,-0,0,-0,-0,-0,-0,0,0,-0,-0,0,-0,0,-0,0,-0,0,-0,0,-0,0,-0,-0,0,-0,0,0,0,-0,-0,0,-0,0,-0,-0,-0,0,-0,-0,0,-0,0,0,0,0,-0,-0,-0,-0,-0,-0,-0,-0,-0,0,-0,-0,-0,-0,0,0,0,-0,-0,0,-0,0,0,0,0,-0,0,-0
0,-0,-0,-0,-0,-0,-0,0,-0,-0,0,0,0,-0,0,0,-0,0,-0,-0,-0,-0,0,0,0,-0,-0,0,0,-0,0,0,-0,0,-0,-0,-0,-0,0,0,-0,0,-0,-0,-0,-0,0,0,0,-0,-0,-0,-0,-0,0,-0,-0,-0,0,0,-0,0,-0,-0,-0,0,-0,-0,0,0,-0,0,0,0,-0,0,0,0,-0,0
-0,-0,-0,-0,0,0,-0,-0,-0,0,0,-0,0,-0,0,0,-0,0,-0,-0,0,0,-0,-0,0,0,-0,-0,0,-0,-0,-0,-0,-0,-0,-0,0,-0,-0,-0,-0,0,0,0,-0,0,-0,0,0,0,-0,0,-0,0,-0,-0,0,0,0,-0,0,0,-0,-0,-0,-0,-0,-0,0,-0,0,-0,-0,-0,0,-0,0,0,-0,0
-0,0,-0,0,0,0,0,0,0,-0,-0,-0,-0,-0,0,-0,-0,0,0,0,0,-0,0,0,-0,0,-0,-0,-0,-0,-0,0,0,0,-0,0,0,0,0,0,0,0,0,0,0,-0,-0,0,-0,-0,-0,0,0,-0,0,-0,0,-0,0,-0,0,0,-0,-0,0,-0,0,0,-0,0,-0,0,-0,-0,-0,0,-0,0,0,-0
0,-0,0,0,-0,-0,-0,0,0,-0,-0,0,-0,-0,-0,0,0,0,-0,-0,0,-0,-0,-0,0,-0,-0,-0,0,-0,-0,0,-0,0,-0,-0,0,0,0,0,-0,0,0,-0,0,0,0,0,0,-0,-0,-0,-0,-0,-0,-0,0,0,-0,-0,0,0,0,0,0,-0,0,0,0,-0,-0,0,-0,0,0,-0,-0,-0,0,0
0,-0,0,-0,0,0,-0,-0,-0,0,0,0,-0,0,-0,-0,0,-0,-0,0,-0,0,-0,-0,0,-0,0,0,-0,-0,0,-0,-0,0,0,-0,0,-0,-0,0,0,-0,0,0,0,-0,-0,0,-0,0,0,-0,0,-0,-0,0,0,-0,0,-0,0,-0,0,0,-0,-0,-0,0,-0,-0,-0,-0,0,0,0,-0,0,-0,-0,-0
-0,-0,-0,0,0,-0,0,-0,0,-0,0,0,-0,0,-0,0,0,0,-0,0,-0,-0,0,0,-0,0,-0,0,-0,0,-0,0,-0,0,-0,-0,0,-0,-0,-0,0,0,0,-0,-0,-0,-0,-0,-0,0,-0,-0,-0,0,-0,-0,-0,0,-0,-0,0,-0,-0,-0,-0,-0,0,0,0,0,0,0,-0,-0,0,-0,-0,-0,-0,-0
-0,0,-0,-0,0,-0,-0,-0,0,-0,0,0,0,-0,0,0,0,-0,-0,-0,-0,-0,0,0,-0,-0,0,0,0,-0,0,-0,0,0,-0,-0,-0,-0,-0,0,0,-0,0,0,-0,-0,0,-0,-0,-0,0,-0,0,0,0,-0,-0,-0,-0,0,0,0,-0,0,0,0,0,0,0,0,-0,-0,0,-0,-0,0,0,-0,-0,0
-0,0,-0,0,-0,-0,-0,0,0,-0,0,-0,0,-0,0,-0,-0,-0,0,-0,0,0,0,0,-0,-0,0,0,-0,0,-0,0,0,0,-0,-0,-0,-0,0,-0,-0,0,-0,0,-0,0,-0,0,0,-0,-0,0,0,0,-0,0,-0,-0,-0,0,-0,0,0,-0,0,0,0,0,0,-0,0,0,0,0,0,-0,0,0,-0,-0
0,0,0,0,-0,0,-0,0,-0,-0,0,0,-0,-0,0,-0,-0,-0,0,-0,0,-0,-0,-0,-0,0,0,0,0,0,-0,0,-0,-0,-0,-0,0,-0,0,-0,0,0,0,-0,-0,-0,-0,-0,0,-0,0,0,-0,-0,0,0,0,-0,-0,0,-0,-0,-0,-0,0,0,0,-0,0,-0,-0,-0,0,-0,-0,0,0,-0,-0,-0
0,-0,-0,-0,-0,-0,0,0,-0,-0,-0,0,0,0,-0,0,-0,0,0,-0,0,0,0,0,0,0,0,-0,-0,0,-0,0,0,0,0,0,0,-0,0,-0,0,-0,0,0,0,0,0,-0,0,-0,0,0,-0,-0,0,0,-0,-0,0,0,0,-0,0,-0,0,-0,0,-0,0,0,0,0,0,0,0,-0,-0,0,0,-0
-0,-0,0,0,0,0,0,-0,-0,0,-0,0,0,-0,0,-0,-0,0,0,0,-0,0,-0,-0,0,0,0,-0,0,0,0,-0,0,-0,-0,0,-0,0,0,0,0,-0,-0,0,-0,0,0,0,0,0,-0,0,-0,0,-0,0,0,-0,-0,-0,-0,0,0,0,0,0,0,-0,-0,0,0,-0,-0,-0,0,0,-0,0,-0,-0
0,0,-0,-0,0,-0,0,0,0,0,0,-0,-0,-0,-0,0,0,0,0,0,-0,0,0,-0,-0,0,0,-0,-0,-0,-0,0,-0,0,0,0,0,-0,0,-0,-0,0,0,-0,0,0,-0,0,0,-0,0,0,-0,-0,-0,-0,0,-0,-0,-0,-0,-0,-0,-0,-0,0,0,-0,-0,0,-0,0,0,0,-0,-0,-0,-0,-0,-0
0,0,0,0,0,0,-0,-0,0,0,0,-0,0,-0,-0,-0,-0,-0,0,-0,0,0,-0,0,0,-0,-0,-0,0,-0,0,-0,-0,-0,-0,0,0,0,0,-0,0,-0,0,0,-0,-0,-0,0,0,0,-0,-0,0,-0,-0,-0,-0,-0,-0,-0,-0,-0,0,0,0,-0,-0,0,-0,0,0,-0,-0,0,0,-0,-0,0,0,0
-0,0,0,0,0,0,-0,0,-0,0,-0,-0,-0,-0,0,0,0,-0,-0,0,-0,0,-0,-0,0,0,-0,0,-0,-0,-0,0,0,-0,0,0,0,0,0,0,-0,0,-0,-0,0,-0,0,0,0,0,-0,-0,-0,-0,-0,-0,0,0,-0,0,-0,0,0,0,-0,0,0,-0,-0,0,-0,-0,-0,-0,-0,-0,0,-0,-0,-0
0,-0,-0,0,0,0,-0,0,0,0,0,-0,-0,-0,0,-0,-0,0,0,-0,-0,0,0,0,-0,-0,0,0,0,-0,0,-0,0,-0,-0,-0,-0,0,0,-0,-0,-0,0,-0,0,0,-0,0,-0,-0,-0,0,-0,-0,-0,0,-0,0,-0,0,0,0,0,-0,0,-0,-0,-0,0,0,-0,-0,-0,0,-0,-0,-0,-0,-0,-0
-0,-0,-0,-0,0,0,-0,0,-0,-0,0,0,-0,0,-0,0,0,-0,0,0,-0,0,-0,-0,0,0,-0,-0,0,-0,-0,0,0,0,-0,0,-0,0,-0,0,0,-0,-0,0,-0,0,-0,-0,0,0,0,-0,-0,0,0,0,-0,0,-0,0,0,0,0,0,0,-0,0,-0,0,0,0,-0,0,0,-0,-0,0,-0,0,0
0,0,0,-0,-0,-0,-0,0,0,0,0,0,-0,0,0,-0,-0,0,-0,0,0,0,-0,0,-0,0,-0,0,-0,0,-0,-0,-0,-0,-0,-0,0,-0,-0,0,-0,0,-0,-0,-0,-0,-0,-0,-0,0,0,-0,0,-0,-0,-0,0,-0,0,0,0,0,0,-0,0,-0,-0,0,-0,0,-0,-0,-0,0,0,0,0,-0,-0,-0
0,-0,0,0,0,-0,-0,-0,-0,-0,-0,-0,0,-0,-0,0,-0,0,-0,-0,-0,-0,0,0,0,-0,0,0,0,-0,-0,-0,0,0,0,-0,-0,0,-0,-0,0,-0,0,-0,-0,0,-0,-0,0,-0,-0,-0,-0,-0,-0,0,-0,-0,-0,-0,-0,0,-0,-0,-0,-0,0,0,0,-0,0,-0,0,0,-0,-0,-0,0,0,0
-0,-0,-0,-0,-0,0,-0,-0,0,0,-0,0,0,-0,-0,-0,-0,0,-0,-0,0,0,-0,-0,-0,-0,0,-0,-0,0,-0,0,-0,-0,-0,0,0,0,-0,0,0,-0,0,-0,0,0,-0,-0,-0,-0,-0,0,-0,-0,-0,0,0,-0,0,-0,-0,0,0,-0,-0,0,-0,0,-0,0,0,0,0,0,0,0,-0,0,0,-0
0,-0,0,-0,-0,-0,-0,-0,-0,-0,-0,-0,-0,-0,0,-0,0,0,0,0,0,-0,-0,0,-0,0,-0,0,0,-0,0,0,-0,0,0,-0,0,-0,-0,-0,0,-0,0,0,0,0,0,0,-0,-0,0,-0,-0,0,-0,-0,0,0,-0,0,0,-0,-0,-0,-0,0,0,0,-0,0,-0,0,-0,-0,-0,-0,0,0,-0,0
0,0,-0,0,-0,0,-0,-0,0,0,0,-0,0,0,-0,-0,-0,0,0,-0,-0,0,0,-0,0,-0,0,-0,0,-0,0,-0,-0,0,-0,0,-0,-0,-0,0,-0,-0,-0,-0,-0,-0,-0,0,0,-0,-0,-0,-0,0,-0,0,-0,-0,0,0,-0,0,0,0,0,-0,0,0,0,0,0,0,0,0,0,0,0,-0,0,-0
0,0,0,-0,0,0,0,0,0,0,0,-0,-0,-0,-0,0,0,-0,0,-0,0,-0,0,0,-0,0,-0,0,0,0,0,-0,-0,0,0,-0,-0,-0,0,0,0,-0,0,-0,0,0,0,0,-0,0,-0,-0,-0,0,-0,0,-0,0,0,0,-0,0,0,-0,-0,0,0,-0,0,-0,0,0,0,-0,0,-0,0,0,-0,-0
0,0,-0,-0,-0,0,0,0,0,-0,-0,-0,-0,0,0,0,0,0,0,0,-0,0,-0,0,-0,-0,0,-0,-0,0,-0,-0,-0,0,0,-0,-0,-0,-0,-0,0,-0,-0,-0,-0,-0,-0,0,-0,-0,-0,0,0,-0,0,-0,0,-0,-0,0,0,-0,0,0,-0,0,0,0,0,0,-0,-0,-0,0,0,0,-0,0,-0,0
0,-0,0,0,0,-0,-0,-0,-0,0,-0,-0,0,0,-0,-0,0,-0,-0,0,0,0,-0,-0,-0,-0,-0,-0,-0,0,0,-0,-0,0,0,-0,-0,0,-0,-0,0,0,-0,-0,-0,-0,0,0,-0,-0,-0,0,-0,-0,-0,-0,-0,0,0,-0,0,0,0,-0,-0,0,0,0,-0,-0,-0,-0,0,-0,-0,0,0,-0,0,0
-0,-0,0,0,-0,-0,0,0,-0,0,-0,-0,-0,0,0,-0,0,-0,-0,0,0,-0,0,0,0,-0,-0,0,0,-0,-0,0,0,-0,-0,-0,-0,0,0,0,-0,-0,-0,-0,0,-0,0,-0,0,0,-0,-0,-0,0,-0,0,-0,0,-0,0,0,-0,-0,-0,-0,-0,-0,0,-0,-0,0,-0,0,-0,0,0,0,0,0,-0
0,-0,-0,-0,0,0,-0,0,-0,0,-0,0,-0,0,0,-0,0,-0,-0,-0,-0,-0,-0,-0,-0,-0,-0,0,-0,0,0,0,0,0,0,-0,0,0,-0,-0,-0,0,0,-0,-0,-0,-0,-0,0,-0,-0,-0,0,-0,0,-0,-0,0,-0,-0,-0,0,0,0,-0,-0,0,-0,-0,-0,-0,0,-0,-0,-0,0,0,0,0,-0
0,-0,-0,0,0,0,0,0,-0,-0,-0,0,0,-0,0,-0,-0,-0,0,0,0,-0,-0,-0,0,-0,-0,-0,0,-0,0,0,0,-0,-0,-0,0,0,-0,0,0,-0,0,0,-0,-0,0,0,-0,-0,-0,0,-0,0,-0,0,0,0,0,0,0,0,0,-0,0,-0,0,-0,-0,-0,0,0,-0,0,0,0,0,-0,-0,-0
0,-0,0,0,0,-0,0,0,0,0,0,0,-0,-0,0,0,0,0,-0,-0,0,-0,0,-0,0,-0,-0,0,0,-0,0,-0,0,-0,0,-0,-0,0,0,-0,0,0,-0,-0,-0,-0,-0,-0,-0,0,0,0,0,0,-0,0,0,-0,0,0,0,0,0,-0,-0,0,-0,0,-0,0,-0,0,-0,-0,0,0,-0,0,-0,0
0,-0,0,0,0,-0,-0,0,-0,-0,-0,0,-0,0,-0,0,0,-0,0,-0,0,-0,0,0,0,0,-0,0,-0,0,-0,-0,-0,0,0,-0,-0,0,-0,-0,-0,0,-0,-0,-0,0,-0,-0,0,0,-0,0,-0,0,0,0,0,-0,-0,-0,0,0,-0,-0,0,-0,-0,-0,-0,0,0,0,0,-0,-0,0,0,-0,0,-0
0,0,0,-0,0,0,0,0,0,-0,0,-0,-0,-0,0,-0,-0,0,-0,0,0,0,0,0,-0,-0,-0,-0,-0,-0,0,-0,0,-0,-0,-0,-0,-0,-0,-0,-0,0,0,0,0,-0,-0,-0,0,-0,-0,0,-0,0,0,0,-0,-0,0,-0,-0,-0,-0,0,-0,-0,0,-0,-0,-0,-0,-0,0,0,0,0,0,-0,0,0